utla,year,ltbi_active,ltbi_tests_per_1000
E06000001,2011,0,0.0
E06000001,2012,0,0.0
E06000001,2013,0,0.0
E06000001,2014,0,0.0
E06000001,2015,0,0.0
E06000001,2016,0,0.0
E06000001,2017,0,0.0
E06000001,2018,0,0.0
E06000001,2019,0,0.0
E06000001,2020,0,0.0
E06000001,2021,0,0.0
E06000001,2022,0,0.0
E06000001,2023,0,0.0
E06000001,2024,0,0.0
E06000001,2025,0,0.0
E06000002,2011,0,0.0
E06000002,2012,0,0.0
E06000002,2013,0,0.0
E06000002,2014,0,0.0
E06000002,2015,0,0.0
E06000002,2016,0,0.0
E06000002,2017,0,0.0
E06000002,2018,0,0.0
E06000002,2019,0,0.0
E06000002,2020,0,0.0
E06000002,2021,0,0.0
E06000002,2022,0,0.0
E06000002,2023,0,0.0
E06000002,2024,0,0.0
E06000002,2025,0,0.0
E06000003,2011,0,0.0
E06000003,2012,0,0.0
E06000003,2013,0,0.0
E06000003,2014,0,0.0
E06000003,2015,0,0.0
E06000003,2016,0,0.0
E06000003,2017,0,0.0
E06000003,2018,0,0.0
E06000003,2019,0,0.0
E06000003,2020,0,0.0
E06000003,2021,0,0.0
E06000003,2022,0,0.0
E06000003,2023,0,0.0
E06000003,2024,0,0.0
E06000003,2025,0,0.0
E06000004,2011,0,0.0
E06000004,2012,0,0.0
E06000004,2013,0,0.0
E06000004,2014,0,0.0
E06000004,2015,0,0.0
E06000004,2016,0,0.0
E06000004,2017,0,0.0
E06000004,2018,0,0.0
E06000004,2019,0,0.0
E06000004,2020,0,0.0
E06000004,2021,0,0.0
E06000004,2022,0,0.0
E06000004,2023,0,0.0
E06000004,2024,0,0.0
E06000004,2025,0,0.0
E06000005,2011,0,0.0
E06000005,2012,0,0.0
E06000005,2013,0,0.0
E06000005,2014,0,0.0
E06000005,2015,0,0.0
E06000005,2016,0,0.0
E06000005,2017,0,0.0
E06000005,2018,0,0.0
E06000005,2019,0,0.0
E06000005,2020,0,0.0
E06000005,2021,0,0.0
E06000005,2022,0,0.0
E06000005,2023,0,0.0
E06000005,2024,0,0.0
E06000005,2025,0,0.0
E06000006,2011,0,0.0
E06000006,2012,0,0.0
E06000006,2013,0,0.0
E06000006,2014,0,0.0
E06000006,2015,0,0.0
E06000006,2016,0,0.0
E06000006,2017,0,0.0
E06000006,2018,0,0.0
E06000006,2019,0,0.0
E06000006,2020,0,0.0
E06000006,2021,0,0.0
E06000006,2022,0,0.0
E06000006,2023,0,0.0
E06000006,2024,0,0.0
E06000006,2025,0,0.0
E06000007,2011,0,0.0
E06000007,2012,0,0.0
E06000007,2013,0,0.0
E06000007,2014,0,0.0
E06000007,2015,0,0.0
E06000007,2016,0,0.0
E06000007,2017,0,0.0
E06000007,2018,0,0.0
E06000007,2019,0,0.0
E06000007,2020,0,0.0
E06000007,2021,0,0.0
E06000007,2022,0,0.0
E06000007,2023,0,0.0
E06000007,2024,0,0.0
E06000007,2025,0,0.0
E06000008,2011,0,0.0
E06000008,2012,0,0.0
E06000008,2013,0,0.0
E06000008,2014,0,0.0
E06000008,2015,1,0.08483729270452837
E06000008,2016,1,0.636532973068084
E06000008,2017,1,0.38344309755388195
E06000008,2018,1,0.435588360305328
E06000008,2019,1,0.7616817060957205
E06000008,2020,1,0.7592275933033776
E06000008,2021,1,0.7573167116134032
E06000008,2022,1,0.7523014977616292
E06000008,2023,1,0.7401730365348408
E06000008,2024,1,0.7260902481861133
E06000008,2025,1,0.7164135367387456
E06000009,2011,0,0.0
E06000009,2012,0,0.0
E06000009,2013,0,0.0
E06000009,2014,0,0.0
E06000009,2015,0,0.0
E06000009,2016,0,0.0
E06000009,2017,0,0.0
E06000009,2018,0,0.0
E06000009,2019,0,0.0
E06000009,2020,0,0.0
E06000009,2021,0,0.0
E06000009,2022,0,0.0
E06000009,2023,0,0.0
E06000009,2024,0,0.0
E06000009,2025,0,0.0
E06000010,2011,0,0.0
E06000010,2012,0,0.0
E06000010,2013,0,0.0
E06000010,2014,0,0.0
E06000010,2015,0,0.0
E06000010,2016,0,0.0
E06000010,2017,0,0.0
E06000010,2018,0,0.0
E06000010,2019,0,0.0
E06000010,2020,0,0.0
E06000010,2021,0,0.0
E06000010,2022,0,0.0
E06000010,2023,0,0.0
E06000010,2024,0,0.0
E06000010,2025,0,0.0
E06000011,2011,0,0.0
E06000011,2012,0,0.0
E06000011,2013,0,0.0
E06000011,2014,0,0.0
E06000011,2015,0,0.0
E06000011,2016,0,0.0
E06000011,2017,0,0.0
E06000011,2018,0,0.0
E06000011,2019,0,0.0
E06000011,2020,0,0.0
E06000011,2021,0,0.0
E06000011,2022,0,0.0
E06000011,2023,0,0.0
E06000011,2024,0,0.0
E06000011,2025,0,0.0
E06000012,2011,0,0.0
E06000012,2012,0,0.0
E06000012,2013,0,0.0
E06000012,2014,0,0.0
E06000012,2015,0,0.0
E06000012,2016,0,0.0
E06000012,2017,0,0.0
E06000012,2018,0,0.0
E06000012,2019,0,0.0
E06000012,2020,0,0.0
E06000012,2021,0,0.0
E06000012,2022,0,0.0
E06000012,2023,0,0.0
E06000012,2024,0,0.0
E06000012,2025,0,0.0
E06000013,2011,0,0.0
E06000013,2012,0,0.0
E06000013,2013,0,0.0
E06000013,2014,0,0.0
E06000013,2015,0,0.0
E06000013,2016,0,0.0
E06000013,2017,0,0.0
E06000013,2018,0,0.0
E06000013,2019,0,0.0
E06000013,2020,0,0.0
E06000013,2021,0,0.0
E06000013,2022,0,0.0
E06000013,2023,0,0.0
E06000013,2024,0,0.0
E06000013,2025,0,0.0
E06000014,2011,0,0.0
E06000014,2012,0,0.0
E06000014,2013,0,0.0
E06000014,2014,0,0.0
E06000014,2015,0,0.0
E06000014,2016,0,0.0
E06000014,2017,0,0.0
E06000014,2018,0,0.0
E06000014,2019,0,0.0
E06000014,2020,0,0.0
E06000014,2021,0,0.0
E06000014,2022,0,0.0
E06000014,2023,0,0.0
E06000014,2024,0,0.0
E06000014,2025,0,0.0
E06000015,2011,0,0.0
E06000015,2012,0,0.0
E06000015,2013,0,0.0
E06000015,2014,0,0.0
E06000015,2015,0,0.0
E06000015,2016,1,0.04678185946713306
E06000015,2017,1,0.014900189942884908
E06000015,2018,1,0.05282076023416038
E06000015,2019,1,0.24221875761602032
E06000015,2020,1,0.24315712775857912
E06000015,2021,1,0.24384492197665147
E06000015,2022,1,0.24093627536976092
E06000015,2023,1,0.23626396500417204
E06000015,2024,1,0.232799296619186
E06000015,2025,1,0.23137211748075123
E06000016,2011,0,0.0
E06000016,2012,0,0.0
E06000016,2013,0,0.0
E06000016,2014,0,0.0
E06000016,2015,0,0.0
E06000016,2016,1,2.3431215648464496
E06000016,2017,1,3.1832437585487505
E06000016,2018,1,2.762235285785112
E06000016,2019,1,2.087750421877028
E06000016,2020,1,2.092583256081231
E06000016,2021,1,2.1038861939281626
E06000016,2022,1,2.0680584092559005
E06000016,2023,1,2.016013203319632
E06000016,2024,1,1.9960957195123528
E06000016,2025,1,2.015055492331304
E06000017,2011,0,0.0
E06000017,2012,0,0.0
E06000017,2013,0,0.0
E06000017,2014,0,0.0
E06000017,2015,0,0.0
E06000017,2016,0,0.0
E06000017,2017,0,0.0
E06000017,2018,0,0.0
E06000017,2019,0,0.0
E06000017,2020,0,0.0
E06000017,2021,0,0.0
E06000017,2022,0,0.0
E06000017,2023,0,0.0
E06000017,2024,0,0.0
E06000017,2025,0,0.0
E06000018,2011,0,0.0
E06000018,2012,0,0.0
E06000018,2013,0,0.0
E06000018,2014,0,0.0
E06000018,2015,0,0.0
E06000018,2016,1,0.7493112947658402
E06000018,2017,1,0.752236420728015
E06000018,2018,1,0.49329399391293827
E06000018,2019,1,0.1640054462185914
E06000018,2020,1,0.16417716264690757
E06000018,2021,1,0.16563638750164072
E06000018,2022,1,0.16226211761248133
E06000018,2023,1,0.1619839055236512
E06000018,2024,1,0.160333493666827
E06000018,2025,1,0.1626939665096005
E06000019,2011,0,0.0
E06000019,2012,0,0.0
E06000019,2013,0,0.0
E06000019,2014,0,0.0
E06000019,2015,0,0.0
E06000019,2016,0,0.0
E06000019,2017,0,0.0
E06000019,2018,0,0.0
E06000019,2019,0,0.0
E06000019,2020,0,0.0
E06000019,2021,0,0.0
E06000019,2022,0,0.0
E06000019,2023,0,0.0
E06000019,2024,0,0.0
E06000019,2025,0,0.0
E06000020,2011,0,0.0
E06000020,2012,0,0.0
E06000020,2013,0,0.0
E06000020,2014,0,0.0
E06000020,2015,0,0.0
E06000020,2016,0,0.0
E06000020,2017,0,0.0
E06000020,2018,0,0.0
E06000020,2019,0,0.0
E06000020,2020,0,0.0
E06000020,2021,0,0.0
E06000020,2022,0,0.0
E06000020,2023,0,0.0
E06000020,2024,0,0.0
E06000020,2025,0,0.0
E06000021,2011,0,0.0
E06000021,2012,0,0.0
E06000021,2013,0,0.0
E06000021,2014,0,0.0
E06000021,2015,0,0.0
E06000021,2016,1,0.121109546250517
E06000021,2017,1,0.09761386749732118
E06000021,2018,1,0.011236682411213953
E06000021,2019,1,1.5897873799654652
E06000021,2020,1,1.591721906031805
E06000021,2021,1,1.5964335143735007
E06000021,2022,1,1.5804697303385356
E06000021,2023,1,1.5504898699034024
E06000021,2024,1,1.5260274913033933
E06000021,2025,1,1.5132938751986147
E06000022,2011,0,0.0
E06000022,2012,0,0.0
E06000022,2013,0,0.0
E06000022,2014,0,0.0
E06000022,2015,0,0.0
E06000022,2016,0,0.0
E06000022,2017,0,0.0
E06000022,2018,0,0.0
E06000022,2019,0,0.0
E06000022,2020,0,0.0
E06000022,2021,0,0.0
E06000022,2022,0,0.0
E06000022,2023,0,0.0
E06000022,2024,0,0.0
E06000022,2025,0,0.0
E06000023,2011,0,0.0
E06000023,2012,0,0.0
E06000023,2013,0,0.0
E06000023,2014,0,0.0
E06000023,2015,0,0.009305790029532026
E06000023,2016,1,0.11587333970339116
E06000023,2017,1,0.11398266973262751
E06000023,2018,1,0.14403524865655526
E06000023,2019,1,0.3260598077689502
E06000023,2020,1,0.3247254427070942
E06000023,2021,1,0.32511542881013633
E06000023,2022,1,0.31934428132184756
E06000023,2023,1,0.31479945691911737
E06000023,2024,1,0.31002483659625696
E06000023,2025,1,0.3093769431546765
E06000024,2011,0,0.0
E06000024,2012,0,0.0
E06000024,2013,0,0.0
E06000024,2014,0,0.0
E06000024,2015,0,0.010249588964065944
E06000024,2016,1,0.12854181133536652
E06000024,2017,1,0.12679357954549186
E06000024,2018,1,0.16108092593028378
E06000024,2019,1,0.3648978788621449
E06000024,2020,1,0.36437381890176845
E06000024,2021,1,0.36180090075187676
E06000024,2022,1,0.3590442941464056
E06000024,2023,1,0.3541074108539392
E06000024,2024,1,0.3500740598750449
E06000024,2025,1,0.3462321218962261
E06000025,2011,0,0.0
E06000025,2012,0,0.0
E06000025,2013,0,0.0
E06000025,2014,0,0.0
E06000025,2015,0,0.009690529071368607
E06000025,2016,1,0.12113608725569537
E06000025,2017,1,0.11896453802069311
E06000025,2018,1,0.14980348034214233
E06000025,2019,1,0.3378088027019262
E06000025,2020,1,0.33472810386190016
E06000025,2021,1,0.33046583996228146
E06000025,2022,1,0.3254964372484338
E06000025,2023,1,0.3199559524940611
E06000025,2024,1,0.3143838305216022
E06000025,2025,1,0.31130807424946066
E06000026,2011,0,0.0
E06000026,2012,0,0.0
E06000026,2013,0,0.0
E06000026,2014,0,0.0
E06000026,2015,0,0.0
E06000026,2016,0,0.0
E06000026,2017,0,0.0
E06000026,2018,0,0.0
E06000026,2019,0,0.0
E06000026,2020,0,0.0
E06000026,2021,0,0.0
E06000026,2022,0,0.0
E06000026,2023,0,0.0
E06000026,2024,0,0.0
E06000026,2025,0,0.0
E06000027,2011,0,0.0
E06000027,2012,0,0.0
E06000027,2013,0,0.0
E06000027,2014,0,0.0
E06000027,2015,0,0.0
E06000027,2016,0,0.0
E06000027,2017,0,0.0
E06000027,2018,0,0.0
E06000027,2019,0,0.0
E06000027,2020,0,0.0
E06000027,2021,0,0.0
E06000027,2022,0,0.0
E06000027,2023,0,0.0
E06000027,2024,0,0.0
E06000027,2025,0,0.0
E06000030,2011,0,0.0
E06000030,2012,0,0.0
E06000030,2013,0,0.0
E06000030,2014,0,0.0
E06000030,2015,0,0.0
E06000030,2016,0,0.0
E06000030,2017,0,0.0
E06000030,2018,0,0.0
E06000030,2019,0,0.0
E06000030,2020,0,0.0
E06000030,2021,0,0.0
E06000030,2022,0,0.0
E06000030,2023,0,0.0
E06000030,2024,0,0.0
E06000030,2025,0,0.0
E06000031,2011,0,0.0
E06000031,2012,0,0.0
E06000031,2013,0,0.0
E06000031,2014,0,0.0
E06000031,2015,0,0.0
E06000031,2016,1,0.2509685963522403
E06000031,2017,1,0.1315448500072824
E06000031,2018,1,0.09630288243480753
E06000031,2019,1,0.052886840992879325
E06000031,2020,1,0.05271559807479534
E06000031,2021,1,0.0520454205633534
E06000031,2022,1,0.05151190693400047
E06000031,2023,1,0.05078969709654187
E06000031,2024,1,0.05026175179944462
E06000031,2025,1,0.05012645741556041
E06000032,2011,0,0.0
E06000032,2012,0,0.0
E06000032,2013,0,0.0
E06000032,2014,0,0.0
E06000032,2015,0,0.0
E06000032,2016,0,0.0
E06000032,2017,1,0.19478872218598245
E06000032,2018,1,0.12639257533900294
E06000032,2019,1,0.42580656728191985
E06000032,2020,1,0.42385736976424604
E06000032,2021,1,0.4223010517518826
E06000032,2022,1,0.41696109972392786
E06000032,2023,1,0.4063076047952851
E06000032,2024,1,0.399080853780976
E06000032,2025,1,0.40189525340553345
E06000033,2011,0,0.0
E06000033,2012,0,0.0
E06000033,2013,0,0.0
E06000033,2014,0,0.0
E06000033,2015,0,0.0
E06000033,2016,0,0.0
E06000033,2017,0,0.0
E06000033,2018,0,0.0
E06000033,2019,0,0.0
E06000033,2020,0,0.0
E06000033,2021,0,0.0
E06000033,2022,0,0.0
E06000033,2023,0,0.0
E06000033,2024,0,0.0
E06000033,2025,0,0.0
E06000034,2011,0,0.0
E06000034,2012,0,0.0
E06000034,2013,0,0.0
E06000034,2014,0,0.0
E06000034,2015,0,0.0
E06000034,2016,0,0.0
E06000034,2017,0,0.0
E06000034,2018,0,0.0
E06000034,2019,0,0.0
E06000034,2020,0,0.0
E06000034,2021,0,0.0
E06000034,2022,0,0.0
E06000034,2023,0,0.0
E06000034,2024,0,0.0
E06000034,2025,0,0.0
E06000035,2011,0,0.0
E06000035,2012,0,0.0
E06000035,2013,0,0.0
E06000035,2014,0,0.0
E06000035,2015,0,0.0
E06000035,2016,0,0.0
E06000035,2017,0,0.0
E06000035,2018,0,0.0
E06000035,2019,0,0.0
E06000035,2020,0,0.0
E06000035,2021,0,0.0
E06000035,2022,0,0.0
E06000035,2023,0,0.0
E06000035,2024,0,0.0
E06000035,2025,0,0.0
E06000036,2011,0,0.0
E06000036,2012,0,0.0
E06000036,2013,0,0.0
E06000036,2014,0,0.0
E06000036,2015,0,0.010077428240313073
E06000036,2016,1,0.43411708614589345
E06000036,2017,1,1.3007223461269597
E06000036,2018,1,1.4498620359202288
E06000036,2019,1,1.8839388459641624
E06000036,2020,1,1.8605708348215735
E06000036,2021,1,1.8307440392986938
E06000036,2022,1,1.8028789428144418
E06000036,2023,1,1.777129919672487
E06000036,2024,1,1.756294922683177
E06000036,2025,1,1.7344583601347003
E06000037,2011,0,0.0
E06000037,2012,0,0.0
E06000037,2013,0,0.0
E06000037,2014,0,0.0
E06000037,2015,0,0.0
E06000037,2016,1,0.4000302456708227
E06000037,2017,1,0.4551998863030148
E06000037,2018,1,0.6458544943557071
E06000037,2019,1,1.2284805618073755
E06000037,2020,1,1.2273896030781115
E06000037,2021,1,1.221035179071665
E06000037,2022,1,1.2171850410482827
E06000037,2023,1,1.2042434437107743
E06000037,2024,1,1.1984236907145127
E06000037,2025,1,1.194043354852534
E06000038,2011,0,0.0
E06000038,2012,0,0.0
E06000038,2013,0,0.0
E06000038,2014,0,0.0
E06000038,2015,0,0.0
E06000038,2016,1,0.3739461774247234
E06000038,2017,1,0.42279740489923123
E06000038,2018,1,0.595769345212364
E06000038,2019,1,1.1339945275937298
E06000038,2020,1,1.1366619213663294
E06000038,2021,1,1.1399924913927704
E06000038,2022,1,1.119915900618521
E06000038,2023,1,1.0958782269212972
E06000038,2024,1,1.0811373522378875
E06000038,2025,1,1.0755305135188775
E06000039,2011,0,0.0
E06000039,2012,0,0.0
E06000039,2013,0,0.0
E06000039,2014,0,0.0
E06000039,2015,0,0.008527420988114908
E06000039,2016,1,0.3628617310654475
E06000039,2017,1,1.0785842288109826
E06000039,2018,1,1.2006542026103968
E06000039,2019,1,1.5509541209906619
E06000039,2020,1,1.5445947397350284
E06000039,2021,1,1.542966777744118
E06000039,2022,1,1.5302475510906646
E06000039,2023,1,1.4943034570436655
E06000039,2024,1,1.4662436502557892
E06000039,2025,1,1.46001791579576
E06000040,2011,0,0.0
E06000040,2012,0,0.0
E06000040,2013,0,0.0
E06000040,2014,0,0.0
E06000040,2015,0,0.009490612691028572
E06000040,2016,1,0.4049577538876286
E06000040,2017,1,1.215056862847859
E06000040,2018,1,1.3570078842770572
E06000040,2019,1,1.7673578395378606
E06000040,2020,1,1.7662330915443107
E06000040,2021,1,1.7670248567456244
E06000040,2022,1,1.7531519917493876
E06000040,2023,1,1.729958020608065
E06000040,2024,1,1.713177122700932
E06000040,2025,1,1.7022831964750649
E06000041,2011,0,0.0
E06000041,2012,0,0.0
E06000041,2013,0,0.0
E06000041,2014,0,0.0
E06000041,2015,0,0.0
E06000041,2016,1,0.40018735419212503
E06000041,2017,1,0.4507458165250474
E06000041,2018,1,0.6287740653331975
E06000041,2019,1,1.1742121064182691
E06000041,2020,1,1.1545935134595326
E06000041,2021,1,1.131771260608357
E06000041,2022,1,1.111595139307022
E06000041,2023,1,1.0901014004749576
E06000041,2024,1,1.0762070902641907
E06000041,2025,1,1.0671487406334013
E06000042,2011,0,0.0
E06000042,2012,0,0.0
E06000042,2013,0,0.0
E06000042,2014,0,0.0
E06000042,2015,0,0.0
E06000042,2016,0,0.0
E06000042,2017,0,0.0
E06000042,2018,0,0.0
E06000042,2019,0,0.0
E06000042,2020,0,0.0
E06000042,2021,0,0.0
E06000042,2022,0,0.0
E06000042,2023,0,0.0
E06000042,2024,0,0.0
E06000042,2025,0,0.0
E06000043,2011,0,0.0
E06000043,2012,0,0.0
E06000043,2013,0,0.0
E06000043,2014,0,0.0
E06000043,2015,0,0.0
E06000043,2016,0,0.0
E06000043,2017,0,0.0
E06000043,2018,0,0.0
E06000043,2019,0,0.0
E06000043,2020,0,0.0
E06000043,2021,0,0.0
E06000043,2022,0,0.0
E06000043,2023,0,0.0
E06000043,2024,0,0.0
E06000043,2025,0,0.0
E06000044,2011,0,0.0
E06000044,2012,0,0.0
E06000044,2013,0,0.0
E06000044,2014,0,0.0
E06000044,2015,0,0.0
E06000044,2016,0,0.0
E06000044,2017,0,0.0
E06000044,2018,0,0.0
E06000044,2019,0,0.0
E06000044,2020,0,0.0
E06000044,2021,0,0.0
E06000044,2022,0,0.0
E06000044,2023,0,0.0
E06000044,2024,0,0.0
E06000044,2025,0,0.0
E06000045,2011,0,0.0
E06000045,2012,0,0.0
E06000045,2013,0,0.0
E06000045,2014,0,0.0
E06000045,2015,0,0.0
E06000045,2016,1,1.3673178853222445
E06000045,2017,1,1.828401705443687
E06000045,2018,1,1.594877254259319
E06000045,2019,1,1.65578844395978
E06000045,2020,1,1.660775537942488
E06000045,2021,1,1.6675280209309087
E06000045,2022,1,1.6327401966404296
E06000045,2023,1,1.5969561165739299
E06000045,2024,1,1.5847799726788538
E06000045,2025,1,1.59317980172048
E06000046,2011,0,0.0
E06000046,2012,0,0.0
E06000046,2013,0,0.0
E06000046,2014,0,0.0
E06000046,2015,0,0.0
E06000046,2016,0,0.0
E06000046,2017,0,0.0
E06000046,2018,0,0.0
E06000046,2019,0,0.0
E06000046,2020,0,0.0
E06000046,2021,0,0.0
E06000046,2022,0,0.0
E06000046,2023,0,0.0
E06000046,2024,0,0.0
E06000046,2025,0,0.0
E06000047,2011,0,0.0
E06000047,2012,0,0.0
E06000047,2013,0,0.0
E06000047,2014,0,0.0
E06000047,2015,0,0.0
E06000047,2016,0,0.0
E06000047,2017,0,0.0
E06000047,2018,0,0.0
E06000047,2019,0,0.0
E06000047,2020,0,0.0
E06000047,2021,0,0.0
E06000047,2022,0,0.0
E06000047,2023,0,0.0
E06000047,2024,0,0.0
E06000047,2025,0,0.0
E06000049,2011,0,0.0
E06000049,2012,0,0.0
E06000049,2013,0,0.0
E06000049,2014,0,0.0
E06000049,2015,0,0.0
E06000049,2016,0,0.0
E06000049,2017,0,0.0
E06000049,2018,0,0.0
E06000049,2019,0,0.0
E06000049,2020,0,0.0
E06000049,2021,0,0.0
E06000049,2022,0,0.0
E06000049,2023,0,0.0
E06000049,2024,0,0.0
E06000049,2025,0,0.0
E06000050,2011,0,0.0
E06000050,2012,0,0.0
E06000050,2013,0,0.0
E06000050,2014,0,0.0
E06000050,2015,0,0.0
E06000050,2016,0,0.0
E06000050,2017,0,0.0
E06000050,2018,0,0.0
E06000050,2019,0,0.0
E06000050,2020,0,0.0
E06000050,2021,0,0.0
E06000050,2022,0,0.0
E06000050,2023,0,0.0
E06000050,2024,0,0.0
E06000050,2025,0,0.0
E06000051,2011,0,0.0
E06000051,2012,0,0.0
E06000051,2013,0,0.0
E06000051,2014,0,0.0
E06000051,2015,0,0.0
E06000051,2016,0,0.0
E06000051,2017,0,0.0
E06000051,2018,0,0.0
E06000051,2019,0,0.0
E06000051,2020,0,0.0
E06000051,2021,0,0.0
E06000051,2022,0,0.0
E06000051,2023,0,0.0
E06000051,2024,0,0.0
E06000051,2025,0,0.0
E06000052,2011,0,0.0
E06000052,2012,0,0.0
E06000052,2013,0,0.0
E06000052,2014,0,0.0
E06000052,2015,0,0.0
E06000052,2016,0,0.0
E06000052,2017,0,0.0
E06000052,2018,0,0.0
E06000052,2019,0,0.0
E06000052,2020,0,0.0
E06000052,2021,0,0.0
E06000052,2022,0,0.0
E06000052,2023,0,0.0
E06000052,2024,0,0.0
E06000052,2025,0,0.0
E06000054,2011,0,0.0
E06000054,2012,0,0.0
E06000054,2013,0,0.0
E06000054,2014,0,0.0
E06000054,2015,0,0.0
E06000054,2016,0,0.0
E06000054,2017,0,0.0
E06000054,2018,0,0.0
E06000054,2019,0,0.0
E06000054,2020,0,0.0
E06000054,2021,0,0.0
E06000054,2022,0,0.0
E06000054,2023,0,0.0
E06000054,2024,0,0.0
E06000054,2025,0,0.0
E06000055,2011,0,0.0
E06000055,2012,0,0.0
E06000055,2013,0,0.0
E06000055,2014,0,0.0
E06000055,2015,0,0.0
E06000055,2016,0,0.0
E06000055,2017,0,0.0
E06000055,2018,0,0.0
E06000055,2019,0,0.0
E06000055,2020,0,0.0
E06000055,2021,0,0.0
E06000055,2022,0,0.0
E06000055,2023,0,0.0
E06000055,2024,0,0.0
E06000055,2025,0,0.0
E06000056,2011,0,0.0
E06000056,2012,0,0.0
E06000056,2013,0,0.0
E06000056,2014,0,0.0
E06000056,2015,0,0.0
E06000056,2016,0,0.0
E06000056,2017,0,0.0
E06000056,2018,0,0.0
E06000056,2019,0,0.0
E06000056,2020,0,0.0
E06000056,2021,0,0.0
E06000056,2022,0,0.0
E06000056,2023,0,0.0
E06000056,2024,0,0.0
E06000056,2025,0,0.0
E06000057,2011,0,0.0
E06000057,2012,0,0.0
E06000057,2013,0,0.0
E06000057,2014,0,0.0
E06000057,2015,0,0.0
E06000057,2016,0,0.0
E06000057,2017,0,0.0
E06000057,2018,0,0.0
E06000057,2019,0,0.0
E06000057,2020,0,0.0
E06000057,2021,0,0.0
E06000057,2022,0,0.0
E06000057,2023,0,0.0
E06000057,2024,0,0.0
E06000057,2025,0,0.0
E06000058,2011,0,0.0
E06000058,2012,0,0.0
E06000058,2013,0,0.0
E06000058,2014,0,0.0
E06000058,2015,0,0.0
E06000058,2016,0,0.0
E06000058,2017,0,0.0
E06000058,2018,0,0.0
E06000058,2019,0,0.0
E06000058,2020,0,0.0
E06000058,2021,0,0.0
E06000058,2022,0,0.0
E06000058,2023,0,0.0
E06000058,2024,0,0.0
E06000058,2025,0,0.0
E06000059,2011,0,0.0
E06000059,2012,0,0.0
E06000059,2013,0,0.0
E06000059,2014,0,0.0
E06000059,2015,0,0.0
E06000059,2016,0,0.0
E06000059,2017,0,0.0
E06000059,2018,0,0.0
E06000059,2019,0,0.0
E06000059,2020,0,0.0
E06000059,2021,0,0.0
E06000059,2022,0,0.0
E06000059,2023,0,0.0
E06000059,2024,0,0.0
E06000059,2025,0,0.0
E06000060,2011,0,0.0
E06000060,2012,0,0.0
E06000060,2013,0,0.0
E06000060,2014,0,0.0
E06000060,2015,0,0.0
E06000060,2016,0,0.0
E06000060,2017,0,0.0
E06000060,2018,0,0.0
E06000060,2019,0,0.0
E06000060,2020,0,0.0
E06000060,2021,0,0.0
E06000060,2022,0,0.0
E06000060,2023,0,0.0
E06000060,2024,0,0.0
E06000060,2025,0,0.0
E06000061,2011,0,0.0
E06000061,2012,0,0.0
E06000061,2013,0,0.0
E06000061,2014,0,0.0
E06000061,2015,0,0.0
E06000061,2016,0,0.0
E06000061,2017,0,0.0
E06000061,2018,0,0.0
E06000061,2019,0,0.0
E06000061,2020,0,0.0
E06000061,2021,0,0.0
E06000061,2022,0,0.0
E06000061,2023,0,0.0
E06000061,2024,0,0.0
E06000061,2025,0,0.0
E06000062,2011,0,0.0
E06000062,2012,0,0.0
E06000062,2013,0,0.0
E06000062,2014,0,0.0
E06000062,2015,0,0.0
E06000062,2016,0,0.0
E06000062,2017,0,0.0
E06000062,2018,0,0.0
E06000062,2019,0,0.0
E06000062,2020,0,0.0
E06000062,2021,0,0.0
E06000062,2022,0,0.0
E06000062,2023,0,0.0
E06000062,2024,0,0.0
E06000062,2025,0,0.0
E06000063,2011,0,0.0
E06000063,2012,0,0.0
E06000063,2013,0,0.0
E06000063,2014,0,0.0
E06000063,2015,0,0.0
E06000063,2016,0,0.0
E06000063,2017,0,0.0
E06000063,2018,0,0.0
E06000063,2019,0,0.0
E06000063,2020,0,0.0
E06000063,2021,0,0.0
E06000063,2022,0,0.0
E06000063,2023,0,0.0
E06000063,2024,0,0.0
E06000063,2025,0,0.0
E06000064,2011,0,0.0
E06000064,2012,0,0.0
E06000064,2013,0,0.0
E06000064,2014,0,0.0
E06000064,2015,0,0.0
E06000064,2016,0,0.0
E06000064,2017,0,0.0
E06000064,2018,0,0.0
E06000064,2019,0,0.0
E06000064,2020,0,0.0
E06000064,2021,0,0.0
E06000064,2022,0,0.0
E06000064,2023,0,0.0
E06000064,2024,0,0.0
E06000064,2025,0,0.0
E06000065,2011,0,0.0
E06000065,2012,0,0.0
E06000065,2013,0,0.0
E06000065,2014,0,0.0
E06000065,2015,0,0.0
E06000065,2016,0,0.0
E06000065,2017,0,0.0
E06000065,2018,0,0.0
E06000065,2019,0,0.0
E06000065,2020,0,0.0
E06000065,2021,0,0.0
E06000065,2022,0,0.0
E06000065,2023,0,0.0
E06000065,2024,0,0.0
E06000065,2025,0,0.0
E06000066,2011,0,0.0
E06000066,2012,0,0.0
E06000066,2013,0,0.0
E06000066,2014,0,0.0
E06000066,2015,0,0.0
E06000066,2016,0,0.0
E06000066,2017,0,0.0
E06000066,2018,0,0.0
E06000066,2019,0,0.0
E06000066,2020,0,0.0
E06000066,2021,0,0.0
E06000066,2022,0,0.0
E06000066,2023,0,0.0
E06000066,2024,0,0.0
E06000066,2025,0,0.0
E08000001,2011,0,0.0
E08000001,2012,0,0.0
E08000001,2013,0,0.0
E08000001,2014,0,0.0
E08000001,2015,0,0.0
E08000001,2016,0,0.003481251718868036
E08000001,2017,0,0.0
E08000001,2018,1,0.8196327770804612
E08000001,2019,1,0.9257752095710914
E08000001,2020,1,0.9231955416080511
E08000001,2021,1,0.9217710158726943
E08000001,2022,1,0.9112423270391967
E08000001,2023,1,0.895783909358481
E08000001,2024,1,0.88376971486287
E08000001,2025,1,0.8814071519894618
E08000002,2011,0,0.0
E08000002,2012,0,0.0
E08000002,2013,0,0.0
E08000002,2014,0,0.0
E08000002,2015,0,0.0
E08000002,2016,0,0.0
E08000002,2017,0,0.0
E08000002,2018,0,0.0
E08000002,2019,0,0.0
E08000002,2020,0,0.0
E08000002,2021,0,0.0
E08000002,2022,0,0.0
E08000002,2023,0,0.0
E08000002,2024,0,0.0
E08000002,2025,0,0.0
E08000003,2011,0,0.0
E08000003,2012,0,0.0
E08000003,2013,0,0.0
E08000003,2014,0,0.0
E08000003,2015,1,0.12611762188026088
E08000003,2016,1,0.4180366897492904
E08000003,2017,1,0.8306003601751337
E08000003,2018,1,0.331067646922828
E08000003,2019,1,0.4707416653997549
E08000003,2020,1,0.46954361091825925
E08000003,2021,1,0.46673809999455174
E08000003,2022,1,0.45146330323577977
E08000003,2023,1,0.44202429929688897
E08000003,2024,1,0.4366315152812536
E08000003,2025,1,0.43688462166131753
E08000004,2011,0,0.0
E08000004,2012,0,0.0
E08000004,2013,0,0.0
E08000004,2014,0,0.0
E08000004,2015,0,0.0
E08000004,2016,0,0.004254938920351799
E08000004,2017,0,0.04638199366674959
E08000004,2018,1,0.7127286671140325
E08000004,2019,1,0.2519859383584562
E08000004,2020,1,0.25187772781514656
E08000004,2021,1,0.25206299095465756
E08000004,2022,1,0.2494030680665947
E08000004,2023,1,0.2467128545486166
E08000004,2024,1,0.24329444610629175
E08000004,2025,1,0.24214516801302027
E08000005,2011,0,0.0
E08000005,2012,0,0.0
E08000005,2013,0,0.0
E08000005,2014,0,0.0
E08000005,2015,0,0.0
E08000005,2016,0,0.0
E08000005,2017,0,0.0
E08000005,2018,0,0.0
E08000005,2019,0,0.0
E08000005,2020,0,0.0
E08000005,2021,0,0.0
E08000005,2022,0,0.0
E08000005,2023,0,0.0
E08000005,2024,0,0.0
E08000005,2025,0,0.0
E08000006,2011,0,0.0
E08000006,2012,0,0.0
E08000006,2013,0,0.0
E08000006,2014,0,0.0
E08000006,2015,0,0.0
E08000006,2016,0,0.0
E08000006,2017,0,0.0
E08000006,2018,0,0.0
E08000006,2019,0,0.0
E08000006,2020,0,0.0
E08000006,2021,0,0.0
E08000006,2022,0,0.0
E08000006,2023,0,0.0
E08000006,2024,0,0.0
E08000006,2025,0,0.0
E08000007,2011,0,0.0
E08000007,2012,0,0.0
E08000007,2013,0,0.0
E08000007,2014,0,0.0
E08000007,2015,0,0.0
E08000007,2016,0,0.0
E08000007,2017,0,0.0
E08000007,2018,0,0.0
E08000007,2019,0,0.0
E08000007,2020,0,0.0
E08000007,2021,0,0.0
E08000007,2022,0,0.0
E08000007,2023,0,0.0
E08000007,2024,0,0.0
E08000007,2025,0,0.0
E08000008,2011,0,0.0
E08000008,2012,0,0.0
E08000008,2013,0,0.0
E08000008,2014,0,0.0
E08000008,2015,0,0.0
E08000008,2016,0,0.0
E08000008,2017,0,0.0
E08000008,2018,0,0.0
E08000008,2019,0,0.0
E08000008,2020,0,0.0
E08000008,2021,0,0.0
E08000008,2022,0,0.0
E08000008,2023,0,0.0
E08000008,2024,0,0.0
E08000008,2025,0,0.0
E08000009,2011,0,0.0
E08000009,2012,0,0.0
E08000009,2013,0,0.0
E08000009,2014,0,0.0
E08000009,2015,0,0.0
E08000009,2016,0,0.0
E08000009,2017,0,0.0
E08000009,2018,0,0.0
E08000009,2019,0,0.0
E08000009,2020,0,0.0
E08000009,2021,0,0.0
E08000009,2022,0,0.0
E08000009,2023,0,0.0
E08000009,2024,0,0.0
E08000009,2025,0,0.0
E08000010,2011,0,0.0
E08000010,2012,0,0.0
E08000010,2013,0,0.0
E08000010,2014,0,0.0
E08000010,2015,0,0.0
E08000010,2016,0,0.0
E08000010,2017,0,0.0
E08000010,2018,0,0.0
E08000010,2019,0,0.0
E08000010,2020,0,0.0
E08000010,2021,0,0.0
E08000010,2022,0,0.0
E08000010,2023,0,0.0
E08000010,2024,0,0.0
E08000010,2025,0,0.0
E08000011,2011,0,0.0
E08000011,2012,0,0.0
E08000011,2013,0,0.0
E08000011,2014,0,0.0
E08000011,2015,0,0.0
E08000011,2016,0,0.0
E08000011,2017,0,0.0
E08000011,2018,0,0.0
E08000011,2019,0,0.0
E08000011,2020,0,0.0
E08000011,2021,0,0.0
E08000011,2022,0,0.0
E08000011,2023,0,0.0
E08000011,2024,0,0.0
E08000011,2025,0,0.0
E08000012,2011,0,0.0
E08000012,2012,0,0.0
E08000012,2013,0,0.0
E08000012,2014,0,0.0
E08000012,2015,0,0.0
E08000012,2016,0,0.0
E08000012,2017,0,0.0
E08000012,2018,0,0.018610498802724577
E08000012,2019,1,0.15680222494104443
E08000012,2020,1,0.15723660799258504
E08000012,2021,1,0.1566939231622483
E08000012,2022,1,0.15389163598958397
E08000012,2023,1,0.15103398662156844
E08000012,2024,1,0.14954683373933988
E08000012,2025,1,0.14963133595188172
E08000013,2011,0,0.0
E08000013,2012,0,0.0
E08000013,2013,0,0.0
E08000013,2014,0,0.0
E08000013,2015,0,0.0
E08000013,2016,0,0.0
E08000013,2017,0,0.0
E08000013,2018,0,0.0
E08000013,2019,0,0.0
E08000013,2020,0,0.0
E08000013,2021,0,0.0
E08000013,2022,0,0.0
E08000013,2023,0,0.0
E08000013,2024,0,0.0
E08000013,2025,0,0.0
E08000014,2011,0,0.0
E08000014,2012,0,0.0
E08000014,2013,0,0.0
E08000014,2014,0,0.0
E08000014,2015,0,0.0
E08000014,2016,0,0.0
E08000014,2017,0,0.0
E08000014,2018,0,0.0
E08000014,2019,0,0.0
E08000014,2020,0,0.0
E08000014,2021,0,0.0
E08000014,2022,0,0.0
E08000014,2023,0,0.0
E08000014,2024,0,0.0
E08000014,2025,0,0.0
E08000015,2011,0,0.0
E08000015,2012,0,0.0
E08000015,2013,0,0.0
E08000015,2014,0,0.0
E08000015,2015,0,0.0
E08000015,2016,0,0.0
E08000015,2017,0,0.0
E08000015,2018,0,0.0
E08000015,2019,0,0.0
E08000015,2020,0,0.0
E08000015,2021,0,0.0
E08000015,2022,0,0.0
E08000015,2023,0,0.0
E08000015,2024,0,0.0
E08000015,2025,0,0.0
E08000016,2011,0,0.0
E08000016,2012,0,0.0
E08000016,2013,0,0.0
E08000016,2014,0,0.0
E08000016,2015,0,0.0
E08000016,2016,0,0.0
E08000016,2017,0,0.0
E08000016,2018,0,0.0
E08000016,2019,0,0.0
E08000016,2020,0,0.0
E08000016,2021,0,0.0
E08000016,2022,0,0.0
E08000016,2023,0,0.0
E08000016,2024,0,0.0
E08000016,2025,0,0.0
E08000017,2011,0,0.0
E08000017,2012,0,0.0
E08000017,2013,0,0.0
E08000017,2014,0,0.0
E08000017,2015,0,0.0
E08000017,2016,0,0.0
E08000017,2017,0,0.0
E08000017,2018,0,0.0
E08000017,2019,0,0.0
E08000017,2020,0,0.0
E08000017,2021,0,0.0
E08000017,2022,0,0.0
E08000017,2023,0,0.0
E08000017,2024,0,0.0
E08000017,2025,0,0.0
E08000018,2011,0,0.0
E08000018,2012,0,0.0
E08000018,2013,0,0.0
E08000018,2014,0,0.0
E08000018,2015,0,0.0
E08000018,2016,0,0.0
E08000018,2017,0,0.0
E08000018,2018,0,0.0
E08000018,2019,0,0.0
E08000018,2020,0,0.0
E08000018,2021,0,0.0
E08000018,2022,0,0.0
E08000018,2023,0,0.0
E08000018,2024,0,0.0
E08000018,2025,0,0.0
E08000019,2011,0,0.0
E08000019,2012,0,0.0
E08000019,2013,0,0.0
E08000019,2014,0,0.0
E08000019,2015,0,0.007206246374357293
E08000019,2016,0,0.0
E08000019,2017,1,0.6172672875331803
E08000019,2018,1,0.7489614222005098
E08000019,2019,1,1.5186943182859782
E08000019,2020,1,1.5224237707103683
E08000019,2021,1,1.5224265136432837
E08000019,2022,1,1.4937641973890063
E08000019,2023,1,1.4689903950628016
E08000019,2024,1,1.4563064965057262
E08000019,2025,1,1.4581108060678116
E08000021,2011,0,0.0
E08000021,2012,0,0.0
E08000021,2013,0,0.0
E08000021,2014,0,0.0
E08000021,2015,0,0.0
E08000021,2016,0,0.0
E08000021,2017,0,0.0
E08000021,2018,0,0.0
E08000021,2019,0,0.0
E08000021,2020,0,0.0
E08000021,2021,0,0.0
E08000021,2022,0,0.0
E08000021,2023,0,0.0
E08000021,2024,0,0.0
E08000021,2025,0,0.0
E08000022,2011,0,0.0
E08000022,2012,0,0.0
E08000022,2013,0,0.0
E08000022,2014,0,0.0
E08000022,2015,0,0.0
E08000022,2016,0,0.0
E08000022,2017,0,0.0
E08000022,2018,0,0.0
E08000022,2019,0,0.0
E08000022,2020,0,0.0
E08000022,2021,0,0.0
E08000022,2022,0,0.0
E08000022,2023,0,0.0
E08000022,2024,0,0.0
E08000022,2025,0,0.0
E08000023,2011,0,0.0
E08000023,2012,0,0.0
E08000023,2013,0,0.0
E08000023,2014,0,0.0
E08000023,2015,0,0.0
E08000023,2016,0,0.0
E08000023,2017,0,0.0
E08000023,2018,0,0.0
E08000023,2019,0,0.0
E08000023,2020,0,0.0
E08000023,2021,0,0.0
E08000023,2022,0,0.0
E08000023,2023,0,0.0
E08000023,2024,0,0.0
E08000023,2025,0,0.0
E08000024,2011,0,0.0
E08000024,2012,0,0.0
E08000024,2013,0,0.0
E08000024,2014,0,0.0
E08000024,2015,0,0.0
E08000024,2016,0,0.0
E08000024,2017,0,0.0
E08000024,2018,0,0.0
E08000024,2019,0,0.0
E08000024,2020,0,0.0
E08000024,2021,0,0.0
E08000024,2022,0,0.0
E08000024,2023,0,0.0
E08000024,2024,0,0.0
E08000024,2025,0,0.0
E08000025,2011,0,0.0
E08000025,2012,0,0.0
E08000025,2013,0,0.0
E08000025,2014,0,0.0
E08000025,2015,0,0.006950724666386324
E08000025,2016,1,1.2343922092393425
E08000025,2017,1,1.0525074244812958
E08000025,2018,1,0.6496602491102487
E08000025,2019,1,0.7304659995860527
E08000025,2020,1,0.7317085698861776
E08000025,2021,1,0.7351690790657562
E08000025,2022,1,0.7286991047268276
E08000025,2023,1,0.7186247168360057
E08000025,2024,1,0.7105364526423539
E08000025,2025,1,0.7141345335097992
E08000026,2011,0,0.0
E08000026,2012,0,0.0
E08000026,2013,0,0.0
E08000026,2014,0,0.0
E08000026,2015,0,0.0
E08000026,2016,0,0.02937823009873496
E08000026,2017,1,0.11200626260903322
E08000026,2018,1,0.002221978728803918
E08000026,2019,1,0.913047510291957
E08000026,2020,1,0.9104331422504076
E08000026,2021,1,0.9118907834061212
E08000026,2022,1,0.891012946637707
E08000026,2023,1,0.871093890953704
E08000026,2024,1,0.8511585757796841
E08000026,2025,1,0.860354652023489
E08000027,2011,0,0.0
E08000027,2012,0,0.0
E08000027,2013,0,0.0
E08000027,2014,0,0.0
E08000027,2015,0,0.0
E08000027,2016,0,0.0
E08000027,2017,0,0.0
E08000027,2018,0,0.0
E08000027,2019,0,0.0
E08000027,2020,0,0.0
E08000027,2021,0,0.0
E08000027,2022,0,0.0
E08000027,2023,0,0.0
E08000027,2024,0,0.0
E08000027,2025,0,0.0
E08000028,2011,0,0.0
E08000028,2012,0,0.0
E08000028,2013,0,0.0
E08000028,2014,0,0.0
E08000028,2015,0,0.008211625237582516
E08000028,2016,1,1.4048188628533076
E08000028,2017,1,1.0101329228206466
E08000028,2018,1,1.4116839902166112
E08000028,2019,1,1.9017913436022296
E08000028,2020,1,1.8948957096228614
E08000028,2021,1,1.8923517790865363
E08000028,2022,1,1.8714258774804646
E08000028,2023,1,1.8509577174374146
E08000028,2024,1,1.8314196266617355
E08000028,2025,1,1.8332462824531228
E08000029,2011,0,0.0
E08000029,2012,0,0.0
E08000029,2013,0,0.0
E08000029,2014,0,0.0
E08000029,2015,0,0.007435890227309823
E08000029,2016,1,1.341897487376868
E08000029,2017,1,1.1806351014427159
E08000029,2018,1,0.5805083993837931
E08000029,2019,1,0.5894269584349119
E08000029,2020,1,0.5891301098244042
E08000029,2021,1,0.588463971392974
E08000029,2022,1,0.5856395216354591
E08000029,2023,1,0.5814175270266044
E08000029,2024,1,0.5787888639054894
E08000029,2025,1,0.5757831732340875
E08000030,2011,0,0.0
E08000030,2012,0,0.0
E08000030,2013,0,0.0
E08000030,2014,0,0.0
E08000030,2015,0,0.0
E08000030,2016,0,0.0
E08000030,2017,0,0.02489074739802794
E08000030,2018,1,0.5902707823031871
E08000030,2019,1,0.4567814476458187
E08000030,2020,1,0.4568167602555363
E08000030,2021,1,0.45711553067596833
E08000030,2022,1,0.4534846809386435
E08000030,2023,1,0.44743499285824917
E08000030,2024,1,0.4412373653377502
E08000030,2025,1,0.4396020586902564
E08000031,2011,0,0.0
E08000031,2012,0,0.0
E08000031,2013,0,0.0
E08000031,2014,0,0.0
E08000031,2015,0,0.003904313094675688
E08000031,2016,1,0.12775594742649193
E08000031,2017,1,0.18415641017771092
E08000031,2018,1,0.23621387261214444
E08000031,2019,1,0.5806032961570133
E08000031,2020,1,0.5814771038639723
E08000031,2021,1,0.5789752516461061
E08000031,2022,1,0.5690143778404231
E08000031,2023,1,0.5562139642423494
E08000031,2024,1,0.545374829347582
E08000031,2025,1,0.543644335794538
E08000032,2011,0,0.0
E08000032,2012,0,0.0
E08000032,2013,0,0.0
E08000032,2014,0,0.0
E08000032,2015,1,0.23928856518463543
E08000032,2016,1,1.432611515149263
E08000032,2017,1,1.7892596313792102
E08000032,2018,1,1.4174017864054764
E08000032,2019,1,1.6264749086939478
E08000032,2020,1,1.6229820101217054
E08000032,2021,1,1.6238783261618135
E08000032,2022,1,1.6127011109113396
E08000032,2023,1,1.5944868104697452
E08000032,2024,1,1.5862298104026666
E08000032,2025,1,1.5920883250441948
E08000033,2011,0,0.0
E08000033,2012,0,0.0
E08000033,2013,0,0.0
E08000033,2014,0,0.0
E08000033,2015,0,0.0
E08000033,2016,0,0.0
E08000033,2017,0,0.0
E08000033,2018,0,0.0
E08000033,2019,0,0.0
E08000033,2020,0,0.0
E08000033,2021,0,0.0
E08000033,2022,0,0.0
E08000033,2023,0,0.0
E08000033,2024,0,0.0
E08000033,2025,0,0.0
E08000034,2011,0,0.0
E08000034,2012,0,0.0
E08000034,2013,0,0.0
E08000034,2014,0,0.0
E08000034,2015,1,0.33170188582960264
E08000034,2016,1,1.3430793272120356
E08000034,2017,1,1.5690147279720716
E08000034,2018,1,1.955850368221122
E08000034,2019,1,2.4211845570432464
E08000034,2020,1,2.4233155762131595
E08000034,2021,1,2.420072994384692
E08000034,2022,1,2.3949388936706493
E08000034,2023,1,2.369320350632308
E08000034,2024,1,2.3531786980124725
E08000034,2025,1,2.352904232984622
E08000035,2011,0,0.0
E08000035,2012,0,0.0
E08000035,2013,0,0.0
E08000035,2014,0,0.0
E08000035,2015,1,0.048844003820115243
E08000035,2016,1,0.283448513420588
E08000035,2017,1,0.7791873756515293
E08000035,2018,1,1.0856266046213092
E08000035,2019,1,0.9805627361304434
E08000035,2020,1,0.9759500669806034
E08000035,2021,1,0.9747010113912776
E08000035,2022,1,0.962204509312286
E08000035,2023,1,0.9471390757891325
E08000035,2024,1,0.936071867540492
E08000035,2025,1,0.9386711082029623
E08000036,2011,0,0.0
E08000036,2012,0,0.0
E08000036,2013,0,0.0
E08000036,2014,0,0.0
E08000036,2015,0,0.0
E08000036,2016,0,0.0
E08000036,2017,0,0.0
E08000036,2018,0,0.0
E08000036,2019,0,0.0
E08000036,2020,0,0.0
E08000036,2021,0,0.0
E08000036,2022,0,0.0
E08000036,2023,0,0.0
E08000036,2024,0,0.0
E08000036,2025,0,0.0
E08000037,2011,0,0.0
E08000037,2012,0,0.0
E08000037,2013,0,0.0
E08000037,2014,0,0.0
E08000037,2015,0,0.0
E08000037,2016,0,0.0
E08000037,2017,0,0.0
E08000037,2018,0,0.0
E08000037,2019,0,0.0
E08000037,2020,0,0.0
E08000037,2021,0,0.0
E08000037,2022,0,0.0
E08000037,2023,0,0.0
E08000037,2024,0,0.0
E08000037,2025,0,0.0
E09000002,2011,0,0.0
E09000002,2012,0,0.0
E09000002,2013,0,0.0
E09000002,2014,0,0.0
E09000002,2015,0,0.0
E09000002,2016,0,0.0
E09000002,2017,0,0.0
E09000002,2018,1,0.16643704518765778
E09000002,2019,1,0.09139598223262106
E09000002,2020,1,0.09122963868501599
E09000002,2021,1,0.0914436204358203
E09000002,2022,1,0.09018393012549093
E09000002,2023,1,0.08775470804008635
E09000002,2024,1,0.0851549394122606
E09000002,2025,1,0.08392958307979605
E09000003,2011,0,0.0
E09000003,2012,0,0.0
E09000003,2013,0,0.0
E09000003,2014,0,0.0
E09000003,2015,0,0.0
E09000003,2016,0,0.0009003623211596667
E09000003,2017,0,0.0026927048932752153
E09000003,2018,1,0.112084857267485
E09000003,2019,1,0.22155606057335417
E09000003,2020,1,0.22129770333757767
E09000003,2021,1,0.22248738722820482
E09000003,2022,1,0.22080081877534638
E09000003,2023,1,0.21642944387869809
E09000003,2024,1,0.21304285520693456
E09000003,2025,1,0.21205669795741205
E09000004,2011,0,0.0
E09000004,2012,0,0.0
E09000004,2013,0,0.0
E09000004,2014,0,0.0
E09000004,2015,0,0.0
E09000004,2016,0,0.0
E09000004,2017,0,0.0
E09000004,2018,0,0.0
E09000004,2019,0,0.0
E09000004,2020,0,0.0
E09000004,2021,0,0.0
E09000004,2022,0,0.0
E09000004,2023,0,0.0
E09000004,2024,0,0.0
E09000004,2025,0,0.0
E09000005,2011,0,0.0
E09000005,2012,0,0.0
E09000005,2013,0,0.0
E09000005,2014,0,0.0
E09000005,2015,0,0.0
E09000005,2016,1,2.64487930161049
E09000005,2017,1,3.5130344382503162
E09000005,2018,1,4.4883926866112205
E09000005,2019,1,5.451551994105186
E09000005,2020,1,5.506006023465935
E09000005,2021,1,5.582936376927793
E09000005,2022,1,5.503206329558959
E09000005,2023,1,5.378344072036871
E09000005,2024,1,5.329236517932008
E09000005,2025,1,5.377611080036684
E09000006,2011,0,0.0
E09000006,2012,0,0.0
E09000006,2013,0,0.0
E09000006,2014,0,0.0
E09000006,2015,0,0.0
E09000006,2016,0,0.0
E09000006,2017,0,0.0
E09000006,2018,0,0.0
E09000006,2019,0,0.0
E09000006,2020,0,0.0
E09000006,2021,0,0.0
E09000006,2022,0,0.0
E09000006,2023,0,0.0
E09000006,2024,0,0.0
E09000006,2025,0,0.0
E09000007,2011,0,0.0
E09000007,2012,0,0.0
E09000007,2013,0,0.0
E09000007,2014,0,0.0
E09000007,2015,0,0.0
E09000007,2016,0,0.0009832428217655482
E09000007,2017,0,0.002979261739836887
E09000007,2018,1,0.1256561179412912
E09000007,2019,1,0.25121299840153194
E09000007,2020,1,0.253982835529106
E09000007,2021,1,0.25855762779623
E09000007,2022,1,0.24848367864994708
E09000007,2023,1,0.24695596059795197
E09000007,2024,1,0.24731538017625768
E09000007,2025,1,0.251767235093627
E09000008,2011,0,0.0
E09000008,2012,0,0.0
E09000008,2013,0,0.0
E09000008,2014,0,0.0
E09000008,2015,0,0.00262276507630935
E09000008,2016,0,0.0026015786379174886
E09000008,2017,0,0.007780748871143018
E09000008,2018,1,0.08268755216421748
E09000008,2019,1,1.1263480978796498
E09000008,2020,1,1.1221598516708704
E09000008,2021,1,1.126209715606451
E09000008,2022,1,1.1170262729656792
E09000008,2023,1,1.094497414249859
E09000008,2024,1,1.0767529047856772
E09000008,2025,1,1.0729482912079205
E09000009,2011,0,0.0
E09000009,2012,0,0.0
E09000009,2013,0,0.0
E09000009,2014,0,0.0
E09000009,2015,0,0.0
E09000009,2016,1,0.9084307342274058
E09000009,2017,1,1.908070697879615
E09000009,2018,1,1.9000131792821684
E09000009,2019,1,2.1944870999008943
E09000009,2020,1,2.190598364933032
E09000009,2021,1,2.1976104394675566
E09000009,2022,1,2.1669520985291073
E09000009,2023,1,2.1113459961702383
E09000009,2024,1,2.079034255055716
E09000009,2025,1,2.0822999338624335
E09000010,2011,0,0.0
E09000010,2012,0,0.0
E09000010,2013,0,0.0
E09000010,2014,0,0.0
E09000010,2015,0,0.0
E09000010,2016,0,0.0
E09000010,2017,0,0.00600461755089664
E09000010,2018,1,0.09580838323353294
E09000010,2019,1,0.122332918594902
E09000010,2020,1,0.12306805663531933
E09000010,2021,1,0.12428912682341242
E09000010,2022,1,0.12465870877901354
E09000010,2023,1,0.12398956068381754
E09000010,2024,1,0.12370972267900947
E09000010,2025,1,0.12446873102610809
E09000011,2011,0,0.0
E09000011,2012,0,0.0
E09000011,2013,0,0.0
E09000011,2014,0,0.0
E09000011,2015,1,0.17868212814061188
E09000011,2016,1,0.771250645698215
E09000011,2017,1,2.8331019633396606
E09000011,2018,1,2.799424718220406
E09000011,2019,1,2.5988445724397566
E09000011,2020,1,2.5972314691522413
E09000011,2021,1,2.5868887223394594
E09000011,2022,1,2.553281426837749
E09000011,2023,1,2.5138867911862928
E09000011,2024,1,2.486232776448172
E09000011,2025,1,2.486513403601959
E09000012,2011,0,0.0
E09000012,2012,0,0.0
E09000012,2013,0,0.0
E09000012,2014,0,0.0
E09000012,2015,0,0.0
E09000012,2016,0,0.0036241185086752334
E09000012,2017,1,0.09062280522893586
E09000012,2018,1,0.22718906126742044
E09000012,2019,1,1.0039687764506724
E09000012,2020,1,1.0117445466332047
E09000012,2021,1,1.0261379103513506
E09000012,2022,1,1.0137737698192621
E09000012,2023,1,0.9977083512465748
E09000012,2024,1,0.9934078041771667
E09000012,2025,1,1.0024000811295029
E09000013,2011,0,0.0
E09000013,2012,0,0.0
E09000013,2013,0,0.0
E09000013,2014,0,0.0
E09000013,2015,0,0.0
E09000013,2016,0,0.0
E09000013,2017,0,0.0
E09000013,2018,0,0.0
E09000013,2019,0,0.0
E09000013,2020,0,0.0
E09000013,2021,0,0.0
E09000013,2022,0,0.0
E09000013,2023,0,0.0
E09000013,2024,0,0.0
E09000013,2025,0,0.0
E09000014,2011,0,0.0
E09000014,2012,0,0.0
E09000014,2013,0,0.0
E09000014,2014,0,0.0
E09000014,2015,0,0.0
E09000014,2016,0,0.0008576210429779101
E09000014,2017,0,0.002589727262784019
E09000014,2018,1,0.10885699087102753
E09000014,2019,1,0.21726517356809982
E09000014,2020,1,0.22063618782181846
E09000014,2021,1,0.22499103065018902
E09000014,2022,1,0.22455435446894817
E09000014,2023,1,0.2225601197899957
E09000014,2024,1,0.22146606727281737
E09000014,2025,1,0.2233844227226033
E09000015,2011,0,0.0
E09000015,2012,0,0.0
E09000015,2013,0,0.0
E09000015,2014,0,0.0
E09000015,2015,0,0.0
E09000015,2016,1,0.6567774379461909
E09000015,2017,1,0.9151507866031231
E09000015,2018,1,0.5425977734250234
E09000015,2019,1,0.5914563180890238
E09000015,2020,1,0.59096922766041
E09000015,2021,1,0.5935081693527697
E09000015,2022,1,0.589078111757619
E09000015,2023,1,0.5785892128573722
E09000015,2024,1,0.5719831578636614
E09000015,2025,1,0.5685736504629291
E09000016,2011,0,0.0
E09000016,2012,0,0.0
E09000016,2013,0,0.0
E09000016,2014,0,0.0
E09000016,2015,0,0.0
E09000016,2016,0,0.0
E09000016,2017,0,0.0
E09000016,2018,0,0.0
E09000016,2019,0,0.0
E09000016,2020,0,0.0
E09000016,2021,0,0.0
E09000016,2022,0,0.0
E09000016,2023,0,0.0
E09000016,2024,0,0.0
E09000016,2025,0,0.0
E09000017,2011,0,0.0
E09000017,2012,0,0.0
E09000017,2013,0,0.0
E09000017,2014,0,0.0
E09000017,2015,0,0.0
E09000017,2016,1,0.38325640189476584
E09000017,2017,1,0.4708333750738808
E09000017,2018,1,2.110744616443296
E09000017,2019,1,1.4690437474029991
E09000017,2020,1,1.4651177967760882
E09000017,2021,1,1.4716148760926493
E09000017,2022,1,1.436832185040945
E09000017,2023,1,1.3927533399714005
E09000017,2024,1,1.3693783815106468
E09000017,2025,1,1.3744715631323259
E09000018,2011,0,0.0
E09000018,2012,0,0.0
E09000018,2013,0,0.0
E09000018,2014,0,0.0
E09000018,2015,0,0.0
E09000018,2016,1,0.6353171740230652
E09000018,2017,1,1.9209083762276915
E09000018,2018,1,2.9534386714781204
E09000018,2019,1,3.728612265753387
E09000018,2020,1,3.727055315712644
E09000018,2021,1,3.7478657986424397
E09000018,2022,1,3.7221998200936754
E09000018,2023,1,3.6353232239931335
E09000018,2024,1,3.599436088346159
E09000018,2025,1,3.606178585977308
E09000019,2011,0,0.0
E09000019,2012,0,0.0
E09000019,2013,0,0.0
E09000019,2014,0,0.0
E09000019,2015,0,0.0
E09000019,2016,0,0.000910979930001191
E09000019,2017,0,0.002721652002936729
E09000019,2018,1,0.11435171079987495
E09000019,2019,1,0.22724072917003407
E09000019,2020,1,0.2282442083059866
E09000019,2021,1,0.23241685524705158
E09000019,2022,1,0.22758005815752988
E09000019,2023,1,0.22367889908336644
E09000019,2024,1,0.22303213960099808
E09000019,2025,1,0.22465310077164005
E09000020,2011,0,0.0
E09000020,2012,0,0.0
E09000020,2013,0,0.0
E09000020,2014,0,0.0
E09000020,2015,0,0.0
E09000020,2016,0,0.029539702603069182
E09000020,2017,0,0.010047708568846826
E09000020,2018,0,0.04557404043661209
E09000020,2019,0,0.020484992132917764
E09000020,2020,0,0.02075803298088679
E09000020,2021,0,0.020845516407698227
E09000020,2022,0,0.020335115798366273
E09000020,2023,0,0.020176581326094054
E09000020,2024,0,0.02042239156614711
E09000020,2025,0,0.020635536457333174
E09000021,2011,0,0.0
E09000021,2012,0,0.0
E09000021,2013,0,0.0
E09000021,2014,0,0.0
E09000021,2015,0,0.0
E09000021,2016,0,0.0
E09000021,2017,0,0.0
E09000021,2018,0,0.0
E09000021,2019,0,0.0
E09000021,2020,0,0.0
E09000021,2021,0,0.0
E09000021,2022,0,0.0
E09000021,2023,0,0.0
E09000021,2024,0,0.0
E09000021,2025,0,0.0
E09000022,2011,0,0.0
E09000022,2012,0,0.0
E09000022,2013,0,0.0
E09000022,2014,0,0.0
E09000022,2015,0,0.0030971162750363136
E09000022,2016,0,0.006123454975766427
E09000022,2017,1,0.13140724940179144
E09000022,2018,1,0.1976146392924788
E09000022,2019,1,1.2837126304576754
E09000022,2020,1,1.2994313835718696
E09000022,2021,1,1.3314824782571744
E09000022,2022,1,1.326592695272563
E09000022,2023,1,1.3196810302871476
E09000022,2024,1,1.32658437452958
E09000022,2025,1,1.3458564801557757
E09000023,2011,0,0.0
E09000023,2012,0,0.0
E09000023,2013,0,0.0
E09000023,2014,0,0.0
E09000023,2015,0,0.0
E09000023,2016,0,0.040159432948806764
E09000023,2017,0,0.05649266924539086
E09000023,2018,1,0.3760799928742738
E09000023,2019,1,1.0656868449785228
E09000023,2020,1,1.071772600100602
E09000023,2021,1,1.086619579818208
E09000023,2022,1,1.0862249351930215
E09000023,2023,1,1.081712423765819
E09000023,2024,1,1.0779282615596233
E09000023,2025,1,1.082923361580138
E09000024,2011,0,0.0
E09000024,2012,0,0.0
E09000024,2013,0,0.0
E09000024,2014,0,0.0
E09000024,2015,0,0.0
E09000024,2016,0,0.08352125615969264
E09000024,2017,1,0.37134859885531796
E09000024,2018,1,0.5597420560574731
E09000024,2019,1,0.4741758317642563
E09000024,2020,1,0.47443355857411984
E09000024,2021,1,0.478122417906845
E09000024,2022,1,0.47679004573481215
E09000024,2023,1,0.470971252463454
E09000024,2024,1,0.46813926006726664
E09000024,2025,1,0.4705538372980159
E09000025,2011,0,0.0
E09000025,2012,0,0.0
E09000025,2013,0,0.0
E09000025,2014,0,0.0
E09000025,2015,1,7.1263797143393415
E09000025,2016,1,6.55460029761106
E09000025,2017,1,6.928085643434131
E09000025,2018,1,7.963548770931887
E09000025,2019,1,6.829890275768613
E09000025,2020,1,6.825226769516463
E09000025,2021,1,6.801307308629603
E09000025,2022,1,6.620149195827837
E09000025,2023,1,6.3896481815312685
E09000025,2024,1,6.2954735308146175
E09000025,2025,1,6.344577762905598
E09000026,2011,0,0.0
E09000026,2012,0,0.0
E09000026,2013,0,0.0
E09000026,2014,0,0.0
E09000026,2015,0,0.0
E09000026,2016,0,0.0
E09000026,2017,0,0.0
E09000026,2018,0,0.04856868097176217
E09000026,2019,1,0.9654243376740009
E09000026,2020,1,0.9655172413793104
E09000026,2021,1,0.9705607325960082
E09000026,2022,1,0.9611945636623749
E09000026,2023,1,0.9443166880523546
E09000026,2024,1,0.9318712345900695
E09000026,2025,1,0.9352792942836102
E09000027,2011,0,0.0
E09000027,2012,0,0.0
E09000027,2013,0,0.0
E09000027,2014,0,0.0
E09000027,2015,0,0.0
E09000027,2016,0,0.0
E09000027,2017,0,0.0
E09000027,2018,0,0.0
E09000027,2019,0,0.0
E09000027,2020,0,0.0
E09000027,2021,0,0.0
E09000027,2022,0,0.0
E09000027,2023,0,0.0
E09000027,2024,0,0.0
E09000027,2025,0,0.0
E09000028,2011,0,0.0
E09000028,2012,0,0.0
E09000028,2013,0,0.0
E09000028,2014,0,0.0
E09000028,2015,0,0.0
E09000028,2016,0,0.0
E09000028,2017,0,0.01300221037576388
E09000028,2018,1,0.13526918567950222
E09000028,2019,1,0.4414714435156482
E09000028,2020,1,0.4422297351428434
E09000028,2021,1,0.4498601521700863
E09000028,2022,1,0.44360295606723477
E09000028,2023,1,0.4365983295368261
E09000028,2024,1,0.435251594345514
E09000028,2025,1,0.4417894393115768
E09000029,2011,0,0.0
E09000029,2012,0,0.0
E09000029,2013,0,0.0
E09000029,2014,0,0.0
E09000029,2015,0,0.0
E09000029,2016,0,0.0
E09000029,2017,0,0.0
E09000029,2018,0,0.0
E09000029,2019,0,0.0
E09000029,2020,0,0.0
E09000029,2021,0,0.0
E09000029,2022,0,0.0
E09000029,2023,0,0.0
E09000029,2024,0,0.0
E09000029,2025,0,0.0
E09000030,2011,0,0.0
E09000030,2012,0,0.0
E09000030,2013,0,0.0
E09000030,2014,0,0.0
E09000030,2015,0,0.0
E09000030,2016,0,0.0034600759140655545
E09000030,2017,1,0.10901930323037823
E09000030,2018,1,1.1598066988835194
E09000030,2019,1,2.6486071866415792
E09000030,2020,1,2.6338092444096746
E09000030,2021,1,2.583822330236797
E09000030,2022,1,2.465865463845163
E09000030,2023,1,2.4192703265116697
E09000030,2024,1,2.4036673776524378
E09000030,2025,1,2.4174246050741983
E09000031,2011,0,0.0
E09000031,2012,0,0.0
E09000031,2013,0,0.0
E09000031,2014,0,0.0
E09000031,2015,0,0.003641939114061891
E09000031,2016,0,0.010827158845247419
E09000031,2017,1,0.12225598245267075
E09000031,2018,1,0.07148090566307476
E09000031,2019,1,1.170756009465687
E09000031,2020,1,1.1769882694694969
E09000031,2021,1,1.1828277853077689
E09000031,2022,1,1.1822879607868504
E09000031,2023,1,1.1667370018759995
E09000031,2024,1,1.1593406206172343
E09000031,2025,1,1.1596225763359451
E09000032,2011,0,0.0
E09000032,2012,0,0.0
E09000032,2013,0,0.0
E09000032,2014,0,0.0
E09000032,2015,0,0.0
E09000032,2016,1,0.1807526048288518
E09000032,2017,1,0.41882528612140474
E09000032,2018,1,0.9786479555621336
E09000032,2019,1,1.0820246414672494
E09000032,2020,1,1.0848782359040752
E09000032,2021,1,1.1022169175072847
E09000032,2022,1,1.0914298635712671
E09000032,2023,1,1.0778204208263487
E09000032,2024,1,1.0655614655296755
E09000032,2025,1,1.0651476053304458
E09000033,2011,0,0.0
E09000033,2012,0,0.0
E09000033,2013,0,0.0
E09000033,2014,0,0.0
E09000033,2015,0,0.0
E09000033,2016,0,0.011447295952973842
E09000033,2017,1,0.03891410653746292
E09000033,2018,1,0.13187717750219355
E09000033,2019,1,0.3228322162718805
E09000033,2020,1,0.32769835119500373
E09000033,2021,1,0.3269449970618845
E09000033,2022,1,0.3115718450951967
E09000033,2023,1,0.3037061935740611
E09000033,2024,1,0.3032674313875844
E09000033,2025,1,0.3075145428026869
E10000003,2011,0,0.0
E10000003,2012,0,0.0
E10000003,2013,0,0.0
E10000003,2014,0,0.0
E10000003,2015,0,0.0
E10000003,2016,1,0.26219526675831967
E10000003,2017,1,0.1386558265839628
E10000003,2018,1,0.1022229091601718
E10000003,2019,1,0.0564150899666705
E10000003,2020,1,0.05619389419799497
E10000003,2021,1,0.05541250051946503
E10000003,2022,1,0.054536152952530864
E10000003,2023,1,0.05364342210095359
E10000003,2024,1,0.052889710426719826
E10000003,2025,1,0.05261197753799499
E10000007,2011,0,0.0
E10000007,2012,0,0.0
E10000007,2013,0,0.0
E10000007,2014,0,0.0
E10000007,2015,0,0.0
E10000007,2016,1,0.0485183029527308
E10000007,2017,1,0.015467849312096816
E10000007,2018,1,0.05496071810381806
E10000007,2019,1,0.25136025210980123
E10000007,2020,1,0.25073950591892347
E10000007,2021,1,0.2488899043370612
E10000007,2022,1,0.2468782145517317
E10000007,2023,1,0.24385733009865318
E10000007,2024,1,0.2415518766110173
E10000007,2025,1,0.239711074221613
E10000008,2011,0,0.0
E10000008,2012,0,0.0
E10000008,2013,0,0.0
E10000008,2014,0,0.0
E10000008,2015,0,0.0
E10000008,2016,0,0.0
E10000008,2017,0,0.0
E10000008,2018,0,0.0
E10000008,2019,0,0.0
E10000008,2020,0,0.0
E10000008,2021,0,0.0
E10000008,2022,0,0.0
E10000008,2023,0,0.0
E10000008,2024,0,0.0
E10000008,2025,0,0.0
E10000011,2011,0,0.0
E10000011,2012,0,0.0
E10000011,2013,0,0.0
E10000011,2014,0,0.0
E10000011,2015,0,0.0
E10000011,2016,0,0.0
E10000011,2017,0,0.0
E10000011,2018,0,0.0
E10000011,2019,0,0.0
E10000011,2020,0,0.0
E10000011,2021,0,0.0
E10000011,2022,0,0.0
E10000011,2023,0,0.0
E10000011,2024,0,0.0
E10000011,2025,0,0.0
E10000012,2011,0,0.0
E10000012,2012,0,0.0
E10000012,2013,0,0.0
E10000012,2014,0,0.0
E10000012,2015,0,0.0
E10000012,2016,0,0.0
E10000012,2017,0,0.0
E10000012,2018,0,0.0
E10000012,2019,0,0.0
E10000012,2020,0,0.0
E10000012,2021,0,0.0
E10000012,2022,0,0.0
E10000012,2023,0,0.0
E10000012,2024,0,0.0
E10000012,2025,0,0.0
E10000013,2011,0,0.0
E10000013,2012,0,0.0
E10000013,2013,0,0.0
E10000013,2014,0,0.0
E10000013,2015,0,0.0
E10000013,2016,0,0.0
E10000013,2017,0,0.0
E10000013,2018,0,0.0
E10000013,2019,0,0.0
E10000013,2020,0,0.0
E10000013,2021,0,0.0
E10000013,2022,0,0.0
E10000013,2023,0,0.0
E10000013,2024,0,0.0
E10000013,2025,0,0.0
E10000014,2011,0,0.0
E10000014,2012,0,0.0
E10000014,2013,0,0.0
E10000014,2014,0,0.0
E10000014,2015,0,0.0
E10000014,2016,0,0.0
E10000014,2017,0,0.0
E10000014,2018,0,0.0
E10000014,2019,0,0.0
E10000014,2020,0,0.0
E10000014,2021,0,0.0
E10000014,2022,0,0.0
E10000014,2023,0,0.0
E10000014,2024,0,0.0
E10000014,2025,0,0.0
E10000015,2011,0,0.0
E10000015,2012,0,0.0
E10000015,2013,0,0.0
E10000015,2014,0,0.0
E10000015,2015,0,0.0
E10000015,2016,1,0.014450716404083932
E10000015,2017,1,0.2284279639782483
E10000015,2018,1,0.17252917080617655
E10000015,2019,1,0.06377316198651883
E10000015,2020,1,0.06352521332608238
E10000015,2021,1,0.0633746125825233
E10000015,2022,1,0.06310127333924741
E10000015,2023,1,0.062346611678331824
E10000015,2024,1,0.06167549218728268
E10000015,2025,1,0.061406028471677095
E10000016,2011,0,0.0
E10000016,2012,0,0.0
E10000016,2013,0,0.0
E10000016,2014,0,0.0
E10000016,2015,0,0.0
E10000016,2016,0,0.0
E10000016,2017,0,0.0
E10000016,2018,0,0.0
E10000016,2019,0,0.0
E10000016,2020,0,0.0
E10000016,2021,0,0.0
E10000016,2022,0,0.0
E10000016,2023,0,0.0
E10000016,2024,0,0.0
E10000016,2025,0,0.0
E10000017,2011,0,0.0
E10000017,2012,0,0.0
E10000017,2013,0,0.0
E10000017,2014,0,0.0
E10000017,2015,1,0.02878757890775663
E10000017,2016,1,0.21631807997850303
E10000017,2017,1,0.13023487211238427
E10000017,2018,1,0.14763952602031805
E10000017,2019,1,0.2584646637943793
E10000017,2020,1,0.2570407230850505
E10000017,2021,1,0.25452485000231084
E10000017,2022,1,0.25071073417765777
E10000017,2023,1,0.2469644567215981
E10000017,2024,1,0.2434550073687475
E10000017,2025,1,0.24045444082622952
E10000018,2011,0,0.0
E10000018,2012,0,0.0
E10000018,2013,0,0.0
E10000018,2014,0,0.0
E10000018,2015,0,0.0
E10000018,2016,0,0.0
E10000018,2017,0,0.0
E10000018,2018,0,0.0
E10000018,2019,0,0.0
E10000018,2020,0,0.0
E10000018,2021,0,0.0
E10000018,2022,0,0.0
E10000018,2023,0,0.0
E10000018,2024,0,0.0
E10000018,2025,0,0.0
E10000019,2011,0,0.0
E10000019,2012,0,0.0
E10000019,2013,0,0.0
E10000019,2014,0,0.0
E10000019,2015,0,0.0
E10000019,2016,0,0.0
E10000019,2017,0,0.0
E10000019,2018,0,0.0
E10000019,2019,0,0.0
E10000019,2020,0,0.0
E10000019,2021,0,0.0
E10000019,2022,0,0.0
E10000019,2023,0,0.0
E10000019,2024,0,0.0
E10000019,2025,0,0.0
E10000020,2011,0,0.0
E10000020,2012,0,0.0
E10000020,2013,0,0.0
E10000020,2014,0,0.0
E10000020,2015,0,0.0
E10000020,2016,0,0.0
E10000020,2017,0,0.0
E10000020,2018,0,0.0
E10000020,2019,0,0.0
E10000020,2020,0,0.0
E10000020,2021,0,0.0
E10000020,2022,0,0.0
E10000020,2023,0,0.0
E10000020,2024,0,0.0
E10000020,2025,0,0.0
E10000024,2011,0,0.0
E10000024,2012,0,0.0
E10000024,2013,0,0.0
E10000024,2014,0,0.0
E10000024,2015,0,0.0
E10000024,2016,0,0.0
E10000024,2017,0,0.0
E10000024,2018,0,0.0
E10000024,2019,0,0.0
E10000024,2020,0,0.0
E10000024,2021,0,0.0
E10000024,2022,0,0.0
E10000024,2023,0,0.0
E10000024,2024,0,0.0
E10000024,2025,0,0.0
E10000025,2011,0,0.0
E10000025,2012,0,0.0
E10000025,2013,0,0.0
E10000025,2014,0,0.0
E10000025,2015,0,0.0
E10000025,2016,0,0.0
E10000025,2017,0,0.0
E10000025,2018,0,0.0
E10000025,2019,0,0.0
E10000025,2020,0,0.0
E10000025,2021,0,0.0
E10000025,2022,0,0.0
E10000025,2023,0,0.0
E10000025,2024,0,0.0
E10000025,2025,0,0.0
E10000028,2011,0,0.0
E10000028,2012,0,0.0
E10000028,2013,0,0.0
E10000028,2014,0,0.0
E10000028,2015,0,0.0
E10000028,2016,1,0.0011328097675389398
E10000028,2017,1,0.0009179585686037607
E10000028,2018,1,0.00010551725826207167
E10000028,2019,1,0.014891465254868863
E10000028,2020,1,0.014857826195288694
E10000028,2021,1,0.014760992236537753
E10000028,2022,1,0.014617961334673664
E10000028,2023,1,0.014434339757540587
E10000028,2024,1,0.014295410370037337
E10000028,2025,1,0.014190888431889597
E10000029,2011,0,0.0
E10000029,2012,0,0.0
E10000029,2013,0,0.0
E10000029,2014,0,0.0
E10000029,2015,0,0.0
E10000029,2016,0,0.0
E10000029,2017,0,0.0
E10000029,2018,0,0.0
E10000029,2019,0,0.0
E10000029,2020,0,0.0
E10000029,2021,0,0.0
E10000029,2022,0,0.0
E10000029,2023,0,0.0
E10000029,2024,0,0.0
E10000029,2025,0,0.0
E10000030,2011,0,0.0
E10000030,2012,0,0.0
E10000030,2013,0,0.0
E10000030,2014,0,0.0
E10000030,2015,0,8.174261634273318e-05
E10000030,2016,1,0.0035121555093133023
E10000030,2017,1,0.010550981644633419
E10000030,2018,1,0.011830609933667692
E10000030,2019,1,0.015379660198083582
E10000030,2020,1,0.015333065183087807
E10000030,2021,1,0.015204055741570854
E10000030,2022,1,0.015047972799410426
E10000030,2023,1,0.01482961231595421
E10000030,2024,1,0.0146947568184441
E10000030,2025,1,0.014607390530210995
E10000031,2011,0,0.0
E10000031,2012,0,0.0
E10000031,2013,0,0.0
E10000031,2014,0,0.0
E10000031,2015,0,0.0
E10000031,2016,0,0.005466854180454446
E10000031,2017,1,0.020817753008458808
E10000031,2018,1,0.0004119740347759034
E10000031,2019,1,0.16805792127089555
E10000031,2020,1,0.1666039460130029
E10000031,2021,1,0.16386148736052344
E10000031,2022,1,0.16115281072252272
E10000031,2023,1,0.15801932347709916
E10000031,2024,1,0.15508935990723569
E10000031,2025,1,0.1524358289558881
E10000032,2011,0,0.0
E10000032,2012,0,0.0
E10000032,2013,0,0.0
E10000032,2014,0,0.0
E10000032,2015,0,0.0
E10000032,2016,1,0.11386740668742105
E10000032,2017,1,0.07678552523044384
E10000032,2018,1,0.008080826737839511
E10000032,2019,1,0.002294262050611421
E10000032,2020,1,0.0022847899249903466
E10000032,2021,1,0.00225976444215455
E10000032,2022,1,0.002238618861707081
E10000032,2023,1,0.00221097328149338
E10000032,2024,1,0.002187944426211574
E10000032,2025,1,0.002170986930658677
E10000034,2011,0,0.0
E10000034,2012,0,0.0
E10000034,2013,0,0.0
E10000034,2014,0,0.0
E10000034,2015,0,0.0
E10000034,2016,0,0.0
E10000034,2017,0,0.0
E10000034,2018,0,0.0
E10000034,2019,0,0.0
E10000034,2020,0,0.0
E10000034,2021,0,0.0
E10000034,2022,0,0.0
E10000034,2023,0,0.0
E10000034,2024,0,0.0
E10000034,2025,0,0.0
