SICBL26CD,SICBL26CDH,SICBL26NM,ICB26NM,region,tb_count,tb_denominator,boundary_changed,tb_rate_per_100k,diabetes_prev,pct_non_uk_born,imd_score,resident_pop_mid2022,registered_patients,pct_age_65plus,pct_age_15_44,total_items,items_antituberculosis,items_oral_corticosteroids,items_inhaled_corticosteroids,items_immunosuppressants,items_proton_pump_inhibitors,items_statins,items_metformin,items_insulins,items_fluoroquinolones,items_all_antibacterials,items_vitamin_d,items_levothyroxine,rate_antituberculosis,rate_oral_corticosteroids,rate_inhaled_corticosteroids,rate_immunosuppressants,rate_proton_pump_inhibitors,rate_statins,rate_metformin,rate_insulins,rate_fluoroquinolones,rate_all_antibacterials,rate_vitamin_d,rate_levothyroxine,rate_total_items
E38000068,01F,NHS Cheshire and Merseyside ICB - 01F,NHS Cheshire and Merseyside Integrated Care Board,North West,11.0,387024.0,False,2.842201000454752,8.90085,4.784621969726444,31.117175601513082,129008,135804.0,19.43536272863833,38.49960236811876,293194,0.0,1279,7007,767,18142,19346,5161,2252,47,5753,7978,5799,0.0,9.417984742717445,51.596418367647495,5.647845424287945,133.58958499013283,142.4553032311272,38.003298871903624,16.58272215840476,0.3460870077464581,42.36252245883774,58.746428676622195,42.701245913227886,2158.9496627492563
E38000091,01J,NHS Cheshire and Merseyside ICB - 01J,NHS Cheshire and Merseyside Integrated Care Board,North West,14.0,471321.0,False,2.9703747552092947,8.5919,5.161937425178764,36.156949467560324,157107,174301.0,17.699841079511877,39.81388517564443,408348,5.0,1565,10741,591,24252,28270,7596,2822,57,8158,11259,9617,0.02868600868612343,8.978720718756634,61.62328385953035,3.3906862266997897,139.13861653117308,162.1906931113419,43.57978439595871,16.190383302448062,0.3270204990218071,46.80409177227899,64.59515435941273,55.1746691068898,2342.774854992226
E38000101,99A,NHS Cheshire and Merseyside ICB - 99A,NHS Cheshire and Merseyside Integrated Care Board,North West,135.0,1487547.0,False,9.07534350175154,6.98918,14.899416951607392,37.11011540005123,495849,597846.0,15.010889091839704,48.228808087701516,1111890,9.0,4940,26489,1615,64127,72485,20520,7705,173,21634,29911,23408,0.01505404401802471,8.262997494338007,44.30739688816183,2.701364565456656,107.26340897154117,121.24359784961344,34.32322036109633,12.88793435098671,0.2893721794575861,36.18657647621628,50.03127895812634,39.15389581932471,1859.8267781334991
E38000172,01X,NHS Cheshire and Merseyside ICB - 01X,NHS Cheshire and Merseyside Integrated Care Board,North West,14.0,554184.0,False,2.526236773346037,8.54433,5.016180346745102,28.953422372352865,184728,204610.0,20.920776110649527,37.501588387664334,472407,2.0,2082,10959,830,28822,30328,8007,3184,78,9470,12828,10370,0.009774693318997116,10.175455745075999,53.5604320414447,4.056497727383803,140.86310542006746,148.22344948927227,39.13298470260496,15.56131176384341,0.3812130394408875,46.28317286545135,62.69488294804751,50.681784859000054,2308.8167733737355
E38000170,01V,NHS Cheshire and Merseyside ICB - 01V,NHS Cheshire and Merseyside Integrated Care Board,North West,8.0,351915.0,False,2.2732762172683745,7.74889,8.096311984976978,19.11000167085802,117305,128464.0,27.705037987296052,32.47680283970607,296972,0.0,1384,5643,726,18190,21636,4801,1601,39,5461,10064,7973,0.0,10.773446257317225,43.926703200896746,5.6513887159048455,141.59608917673432,168.4207248723378,37.37233777556359,12.462635446506415,0.30358699713538423,42.50996388093162,78.34101382488478,62.0640802092415,2311.713787520239
E38000161,01T,NHS Cheshire and Merseyside ICB - 01T,NHS Cheshire and Merseyside Integrated Care Board,North West,13.0,491202.0,False,2.6465690286277335,8.1841,5.253060647240037,29.47746829003139,163734,161682.0,20.876782820598457,37.59849581276827,370144,0.0,1753,8159,594,22558,27521,6514,2176,55,6678,8944,9713,0.0,10.842270630002103,50.46325503148155,3.6738783538056183,139.5207877191029,170.21684541260004,40.288962283989555,13.458517336500043,0.3401739216486684,41.30329906854195,55.318464640467084,60.074714563154835,2289.3333828131763
E38000194,02E,NHS Cheshire and Merseyside ICB - 02E,NHS Cheshire and Merseyside Integrated Care Board,North West,26.0,635391.0,False,4.091968567386066,7.28909,9.365298297003044,16.835007743263596,211797,229918.0,19.652658773997686,37.35723170869614,385081,7.0,1743,8769,1115,23917,27683,7142,2714,79,7724,7521,7440,0.03044563714019781,7.580963647909255,38.13968458319923,4.849555058760079,104.02404335458729,120.40379613601371,31.063248636470394,11.804208456928123,0.34360076201080386,33.59458589584113,32.71166241877539,32.35936290329595,1674.8623422263588
E38000208,12F,NHS Cheshire and Merseyside ICB - 12F,NHS Cheshire and Merseyside Integrated Care Board,North West,16.0,967317.0,False,1.6540596309172693,8.19537,5.43685681715258,27.47294915317316,322439,346113.0,22.57933102772794,36.23758714639438,748081,3.0,3518,16693,1975,46008,53973,11880,4423,179,15612,18101,17223,0.008667689454022241,10.164310499750082,48.22991335199776,5.706228890564642,132.9276854668851,155.94040096731416,34.32405023792808,12.779063485046791,0.517172137423327,45.10665591873175,52.297948935752196,49.76120515554169,2161.3779314848043
E38000233,27D,NHS Cheshire and Merseyside ICB - 27D,NHS Cheshire and Merseyside Integrated Care Board,North West,72.0,2305158.0,False,3.1234301509918194,7.39757,7.853014595092988,15.848573705142988,768386,823813.0,22.41321756272358,35.805820010123654,1538501,7.0,7454,32334,4625,95574,120052,26712,9369,289,30134,37205,41051,0.008497073971884395,9.048169912346614,39.249198543844294,5.614138159995047,116.01419254126846,145.72724635323794,32.424834276710854,11.37272657751213,0.35080776826779864,36.57868958125206,45.161948160565565,49.83048337426091,1867.5366861168736
E38000126,05G,NHS Staffordshire and Stoke-on-Trent ICB - 05G,NHS Staffordshire and Stoke-on-Trent Integrated Care Board,Midlands,33.0,639774.0,False,5.158071443978655,8.82577,5.067597985091954,17.44042282118373,213258,230539.0,23.78296080055869,35.830380109222304,502076,2.0,2224,12710,1276,32326,38582,10202,3279,77,10710,10486,11852,0.008675321745995255,9.646957781546723,55.13166969579984,5.534855273944973,140.21922538052132,167.35563180199443,44.2528162263218,14.223190002559221,0.3339998872208173,46.45634794980459,45.48471191425312,51.409956666767876,2177.8354204711563
E38000053,05D,NHS Staffordshire and Stoke-on-Trent ICB - 05D,NHS Staffordshire and Stoke-on-Trent Integrated Care Board,Midlands,24.0,409719.0,False,5.857673185768783,8.3109,13.165472443581328,18.260555922473696,136573,154741.0,20.1750021002837,37.406375815071634,266952,0.0,1301,6084,245,15487,20936,5731,1907,58,7390,5740,7651,0.0,8.407597210823248,39.317310861374814,1.583290789125054,100.08336510685598,135.297044739274,37.036079642757905,12.323818509638688,0.3748198602826659,47.757220129118984,37.09424134521555,49.44390950039097,1725.153643830659
E38000028,04Y,NHS Staffordshire and Stoke-on-Trent ICB - 04Y,NHS Staffordshire and Stoke-on-Trent Integrated Care Board,Midlands,9.0,413172.0,False,2.178269582643548,8.90954,3.3589160161251352,18.732647418024452,137724,140628.0,21.40114344227323,36.53255397218193,277690,2.0,1167,6851,592,16701,20344,5799,2096,80,6594,5412,6642,0.014221918821287368,8.298489632221179,48.71718292231988,4.209687971101061,118.76013311716017,144.6653582501351,41.23645362232272,14.904570924709162,0.5688767528514947,46.88966635378445,38.48451233040362,47.23099240549535,1974.6423187416447
E38000153,05Q,NHS Staffordshire and Stoke-on-Trent ICB - 05Q,NHS Staffordshire and Stoke-on-Trent Integrated Care Board,Midlands,17.0,694434.0,False,2.4480368184737498,8.19107,5.318586429760663,15.326885565798909,231478,224154.0,22.746415410833624,35.51576148540735,400246,0.0,1970,8853,758,24009,29414,7851,2706,117,8388,9596,9633,0.0,8.788600694165618,39.49516850022752,3.381603718871847,107.10939800315853,131.22228467928298,35.025027436494554,12.072057603254905,0.521962579298161,37.42070183891432,42.80985393970217,42.974919028881935,1785.5849103741177
E38000257,M2L0M,"NHS Shropshire, Telford and Wrekin ICB - M2L0M","NHS Shropshire, Telford and Wrekin Integrated Care Board",Midlands,52.0,1549437.0,False,3.356057716447974,8.10164,7.900329589603983,20.099315749527086,516479,536819.0,23.542013229785084,34.95628880497896,917708,3.0,6080,20016,2173,54647,68769,16550,6425,271,22492,18123,24499,0.005588475817733724,11.32597765727368,37.28631065591941,4.047919317311794,101.79781267056494,128.10463116991016,30.829758261164375,11.96865237631306,0.5048256488686131,41.898666030822305,33.759982414929425,45.637356352886165,1709.5296552469267
E38000173,05V,NHS Staffordshire and Stoke-on-Trent ICB - 05V,NHS Staffordshire and Stoke-on-Trent Integrated Care Board,Midlands,27.0,477633.0,False,5.652875743510185,7.73938,6.828153157455697,13.874723178674842,159211,156303.0,23.73914768110657,34.612899304555896,293826,2.0,1275,6694,619,17845,22807,5524,1866,48,6213,6554,7948,0.012795659712225614,8.157233066543828,42.827073056819124,3.9602566809338273,114.16927378233304,145.9153055283648,35.34161212516714,11.938350511506497,0.3070958330934147,39.749716896028865,41.931376876963334,50.849951696384586,1879.8487553022014
E38000175,05W,NHS Staffordshire and Stoke-on-Trent ICB - 05W,NHS Staffordshire and Stoke-on-Trent Integrated Care Board,Midlands,98.0,804174.0,False,12.186417367385666,9.38868,12.746948439604811,32.92410192943318,268058,299302.0,17.559521820769657,40.94493187482877,598617,4.0,2480,16520,1127,36846,44153,14130,4441,98,14367,12593,12812,0.013364427902252575,8.285945299396596,55.19508723630313,3.7654275614596626,123.10642762159958,147.51989629203948,47.20984156470722,14.83785607847592,0.32742848360518806,48.001683917915685,42.074560143266666,42.806262570914996,2000.0434343906823
E38000238,71E,NHS Lincolnshire ICB - 71E,NHS Lincolnshire Integrated Care Board,Midlands,95.0,2327592.0,False,4.081471323152855,8.79762,9.992177544998636,22.239363820205604,775864,823662.0,24.42688869949081,34.85507404736409,2124208,6.0,9403,40200,4559,138476,184544,42376,11429,351,35857,49498,58945,0.007284541474536886,11.416090580845054,48.806427879397134,5.5350374304022765,168.12236087132828,224.05307031282248,51.448288254162506,13.87583741874701,0.42614567626040784,43.53363394207818,60.09503898443779,71.56454953609612,2578.9802127571747
E38000051,03W,"NHS Leicester, Leicestershire and Rutland ICB - 03W","NHS Leicester, Leicestershire and Rutland Integrated Care Board",Midlands,56.0,1052001.0,False,5.323188856284357,8.10817,10.327456649073309,11.210987281380913,350667,361903.0,23.429206168503715,34.4047990759955,657941,3.0,3275,13485,1920,39626,56323,12189,5098,188,13307,14029,18451,0.0082895140410552,9.04938616148526,37.261365614543124,5.305288986275328,109.49342779695112,155.63009977811734,33.68029554880728,14.086647527099803,0.5194762132394593,36.76952111477385,38.76453082732113,50.9832745238365,1818.0037192286331
E38000097,04C,"NHS Leicester, Leicestershire and Rutland ICB - 04C","NHS Leicester, Leicestershire and Rutland Integrated Care Board",Midlands,482.0,1117485.0,False,43.13257001212544,10.70692,41.094600535116335,34.44856084511201,372495,442393.0,12.150508710580864,49.12464708980477,709067,7.0,2349,13529,1789,38095,60117,25446,7759,149,12024,15196,17970,0.015823035174607192,5.3097585178789,30.58140612532296,4.043915703910325,86.11121785380872,135.89048651312294,57.51899329329352,17.538704274253885,0.336804605859496,27.179453562782413,34.34954893047584,40.61999172681303,1602.7988688790285
E38000201,04V,"NHS Leicester, Leicestershire and Rutland ICB - 04V","NHS Leicester, Leicestershire and Rutland Integrated Care Board",Midlands,50.0,1240494.0,False,4.030652304646375,7.99285,8.970181868067261,13.868434115763558,413498,424822.0,20.512591155825262,38.88428565375616,819430,1.0,3812,16515,2108,50709,69617,16361,5628,287,16521,16460,22460,0.002353927056508373,8.973169939409917,38.87510533823578,4.96207823511965,119.36528710848309,163.8733398929434,38.51260057153349,13.247901474029122,0.6755770652179031,38.88922890057483,38.745639350127824,52.869201689178055,1928.8784479146561
E38000251,B2M3M,NHS Coventry and Warwickshire ICB - B2M3M,NHS Coventry and Warwickshire Integrated Care Board,Midlands,290.0,2881806.0,False,10.06313402081889,7.57891,18.15725118241952,19.974806516122182,960602,1115249.0,17.570156978396753,42.18636376271129,1900722,18.0,10095,39721,4025,110324,150085,42817,13148,523,39668,35615,57550,0.016139893422903763,9.051790228011862,35.616261480620025,3.609059501510425,98.92320011046861,134.57532802091728,38.39232314935947,11.789295484685482,0.468953570009926,35.568738461097034,31.934572458706533,51.602825916006196,1704.3028059204717
E38000236,18C,NHS Herefordshire and Worcestershire ICB - 18C,NHS Herefordshire and Worcestershire Integrated Care Board,Midlands,74.0,2394057.0,False,3.0909873908599503,8.05751,8.160869966647732,17.654329386894297,798019,832641.0,24.374370226784414,34.481247020024234,1472657,14.0,9268,31202,4989,86710,111131,25904,10203,456,34771,29218,42546,0.016813969045482987,11.130847508109738,37.473533011225726,5.991777969136759,104.13851828098784,133.468085285255,31.11064672529938,12.253780440790209,0.5476549917671601,41.75989412003493,35.090753397922995,51.0976519292228,1768.6578009009886
E38000255,A3A8R,NHS North East London ICB - A3A8R,NHS North East London Integrated Care Board,London,1419.0,6079893.0,False,23.339226529151087,8.44925,41.2725796275384,26.3340257298936,2026631,2454659.0,9.910785978826388,51.07515952317613,3431075,83.0,12461,58414,5813,194255,280370,130721,28021,751,72443,80252,83313,0.03381325063888711,5.076468870014124,23.79719545566207,2.3681497104078404,79.13726509466285,114.219531103913,53.254240201999544,11.415434893400672,0.30594880999764124,29.51244959075782,32.69374687074661,33.94076325876629,1397.7807100701157
E38000244,72Q,NHS South East London ICB - 72Q,NHS South East London Integrated Care Board,London,693.0,5389611.0,False,12.858070832941376,7.00376,32.49201442037699,20.606248818142905,1796537,2094802.0,12.453205601293105,47.59203972499549,2399497,15.0,10094,45087,4713,132719,182074,67730,19518,727,58650,65659,61440,0.0071605812864413915,4.818593833689294,21.523275230785533,2.249854640199885,63.35634585034767,86.91704514316865,32.332411368711696,9.31734836991754,0.3470495063495261,27.99787282998584,31.34377377909702,29.32974094926394,1145.452887671484
E38000245,36L,NHS South West London ICB - 36L,NHS South West London Integrated Care Board,London,571.0,4534887.0,False,12.59127294682315,6.37403,34.4737090193048,15.60415235947445,1511629,1751651.0,13.528265619121617,44.84123835170362,2237098,4.0,10726,37141,5851,125782,168175,61490,14206,583,51464,62606,63638,0.0022835599100505754,6.123365898800618,21.203424654797104,3.340277258426479,71.80768315149535,96.00942196818887,35.104024717252464,8.110063020544617,0.3328288568898713,29.3802818027107,35.74113793215658,36.33029638894963,1277.1368269135803
E38000237,91Q,NHS Kent and Medway ICB - 91Q,NHS Kent and Medway Integrated Care Board,South East,309.0,5631330.0,False,5.487158451023116,8.17846,12.537551656260426,21.249940323859857,1877417,2039522.0,19.90157497688184,37.64367337052506,3254069,31.0,17582,68875,9254,195802,253152,67739,25440,850,74094,66518,97496,0.015199639915627288,8.620647386985773,33.7701677157687,4.537337670297256,96.00386757289208,124.12320141680257,33.21317445950571,12.473510950114783,0.4167643202671999,36.329100642209305,32.614504771216005,47.803357845612844,1595.5057116324317
E38000089,11N,NHS Cornwall and the Isles of Scilly ICB - 11N,NHS Cornwall and the Isles of Scilly Integrated Care Board,South West,22.0,1733439.0,False,1.2691533996869806,7.606150000000001,5.290808393172252,22.283141165048207,577813,604889.0,26.12115611293973,33.267921883188485,1305516,25.0,7600,29820,3901,80130,102893,22767,7096,318,25496,28071,38366,0.04132989689017324,12.564288654612664,49.298301010598635,6.449117110742632,132.47058551238328,170.1022832288238,37.63831049994296,11.731077933306771,0.5257162884430036,42.149882044474275,46.406861424162116,63.426512963535465,2158.273666738856
E38000230,15N,NHS Devon ICB - 15N,NHS Devon Integrated Care Board,South West,109.0,3697740.0,False,2.947746461352069,7.576,7.571056030404987,20.14136071005533,1232580,1293310.0,25.105272517803158,35.45151587786378,2447491,23.0,12926,52288,8223,142290,187794,40184,14352,481,48226,58897,71369,0.01778382599686077,9.994510210235752,40.42959537929808,6.3581043987907,110.02002613449211,145.2041660545422,31.070663645993616,11.09710742204112,0.3719139262821752,37.28881706628728,45.53973911900473,55.18321206825896,1892.4240901253372
E38000150,11X,NHS Somerset ICB - 11X,NHS Somerset Integrated Care Board,South West,40.0,1731273.0,False,2.310438619443612,8.17117,8.537925339081509,19.13698231301476,577091,605062.0,25.59638516383445,33.62961151088649,1013263,2.0,5764,23698,4056,68366,75814,16785,6678,215,21457,16207,28575,0.0033054463840069283,9.526296478707968,39.166234204098096,6.7034452667660505,112.99007374450882,125.29955607855062,27.740958777778143,11.036885476199133,0.3553354862807448,35.46248153081833,26.785684772800145,47.22656521149899,1674.643259699006
E38000222,15C,"NHS Bristol, North Somerset and South Gloucestershire ICB - 15C","NHS Bristol, North Somerset and South Gloucestershire Integrated Care Board",South West,194.0,2979324.0,False,6.511544229496356,6.73096,14.0692452882192,17.70638093943458,993108,1092577.0,16.80870089705348,44.82338544560246,1393818,9.0,7149,29207,6639,79236,97282,26012,10603,461,31313,36185,38227,0.008237405693145655,6.543245922255365,26.732212008856127,6.076459599643777,72.52211972245435,89.03903340451062,23.80793298778942,9.70457917382482,0.4219382249489052,28.65976494105221,33.11894722294172,34.98792304798655,1275.7160364898768
E38000231,92G,"NHS Bath and North East Somerset, Swindon and Wiltshire ICB - 92G","NHS Bath and North East Somerset, Swindon and Wiltshire Integrated Care Board",South West,123.0,2863347.0,False,4.295672162682344,7.5889,12.9531031544046,14.280570997507462,954449,1010651.0,21.437172673850814,37.04483545754172,1763040,11.0,8808,35305,6053,109833,137976,32787,11130,492,37200,43208,47995,0.010884073730694374,8.715174674541458,34.93292936928772,5.989208935626641,108.67549727848684,136.52190518784425,32.44146594620695,11.012703692966216,0.48681493413651206,36.807958434711885,42.7526416141675,47.48919260951604,1744.4597591057645
E38000045,11J,NHS Dorset ICB - 11J,NHS Dorset Integrated Care Board,South West,61.0,2357796.0,False,2.5871619088335036,7.54948,11.114146186321127,16.905310830962474,785932,826660.0,25.92129775240123,34.59378704666973,1475656,2.0,8291,32807,5383,92498,115127,24415,10705,407,31844,37770,38390,0.0024193743497931434,10.029516367067476,39.68620714683183,6.511746062468245,111.89364430358309,139.26765538431764,29.5345123750998,12.9497012072678,0.49234268018290467,38.521278397406434,45.689884595843516,46.439890644279394,1785.0821377591756
E38000062,11M,NHS Gloucestershire ICB - 11M,NHS Gloucestershire Integrated Care Board,South West,68.0,1957998.0,False,3.4729351102503676,8.14363,10.002449263050849,15.146137272356764,652666,698323.0,22.404675200444494,36.192420985704324,1274494,14.0,7419,25563,4464,77191,103175,24245,8324,475,25312,25456,40224,0.02004802935031497,10.624023553570483,36.60626959157868,6.392457358557573,110.53767382715449,147.74681630133907,34.718890828456175,11.9199854508587,0.6802009958142579,36.24683706536946,36.45304536725841,57.60085232764781,1825.078079914309
E38000014,00Q,NHS Lancashire and South Cumbria ICB - 00Q,NHS Lancashire and South Cumbria Integrated Care Board,North West,81.0,467469.0,False,17.32735218805953,9.77899,18.091754502743328,36.898780584380994,155823,188262.0,14.809680126632035,41.95695360720698,336672,7.0,1723,8587,557,22314,25670,9310,2388,42,7370,5376,7953,0.03718222477186049,9.152139040273662,45.61196630228086,2.958642742560899,118.52630907989929,136.3525299848084,49.45235894657445,12.684450393600407,0.22309334863116295,39.147570938373114,28.555948624788858,42.2443190872295,1788.3162826274022
E38000015,00R,NHS Lancashire and South Cumbria ICB - 00R,NHS Lancashire and South Cumbria Integrated Care Board,North West,35.0,424944.0,False,8.236379381753832,9.5506,7.898636528003289,43.466861762961706,141648,177325.0,21.24460735936839,36.89891442267024,452797,3.0,1679,10619,1078,28510,33761,9578,3148,57,8231,8211,10769,0.01691808825602707,9.46849006062315,59.884393063583815,6.079233046665727,160.77823205977722,190.39052587057662,54.013816438742424,17.752713943324405,0.3214436768645143,46.41759481178627,46.30480755674609,60.73029747638517,2553.4865360214294
E38000050,01A,NHS Lancashire and South Cumbria ICB - 01A,NHS Lancashire and South Cumbria Integrated Care Board,North West,105.0,1191912.0,False,8.809375188772325,8.64257,10.697962898002555,31.181666517326786,397304,409892.0,19.070389273271985,38.471353429683916,772983,2.0,4177,20400,1316,51940,62154,17408,5953,124,15341,14017,17942,0.004879334068486333,10.190489202033707,49.7692074985606,3.210601817064007,126.71630575859008,151.6350648463498,42.469723732105045,14.52333785484957,0.3025187122461526,37.42693197232442,34.19681281898646,43.77250592839089,1885.8211431303855
E38000034,00X,NHS Lancashire and South Cumbria ICB - 00X,NHS Lancashire and South Cumbria Integrated Care Board,North West,10.0,541458.0,False,1.8468653155000019,7.5389,5.003525974680145,16.78731554247975,180486,195431.0,21.423417983840846,36.21124591287974,341778,1.0,1600,8218,716,21790,25270,6123,2306,73,7321,5167,9892,0.0051168954771760875,8.18703276348174,42.05064703143309,3.663697161658079,111.49715244766695,129.30394870823974,31.33075100674919,11.79956097036806,0.37353336983385443,37.46079178840614,26.438998930568847,50.61633006022586,1748.842302398289
E38000200,02G,NHS Lancashire and South Cumbria ICB - 02G,NHS Lancashire and South Cumbria Integrated Care Board,North West,,,False,,7.56006,5.9388147921031536,18.264645174262736,119360,118386.0,23.02214788910851,35.75000422347237,227296,2.0,1117,5535,513,13888,16616,4103,1488,49,4464,5575,6260,0.01689388948017502,9.435237274677748,46.753839136384364,4.333282651664893,117.31116855033534,140.35443380129405,34.65781426857906,12.569053773250216,0.413900292264288,37.70716131975065,47.09171692598787,52.87787407294781,1919.9567516429308
E38000227,01E,NHS Lancashire and South Cumbria ICB - 01E,NHS Lancashire and South Cumbria Integrated Care Board,North West,73.0,635700.0,False,11.483404121440932,7.324540000000001,14.99320265723073,23.53828475696083,211900,239132.0,16.303129652242276,43.260625930448455,407590,4.0,1709,9112,706,25749,31772,9307,2223,95,9296,6761,11122,0.016727163240386065,7.146680494454945,38.10447786159945,2.95234431192814,107.67693156917518,132.8638576183865,38.919927069568274,9.296120970844553,0.397270126959169,38.873927370657206,28.273087667062544,46.50987738989345,1704.456116287239
E38000226,02M,NHS Lancashire and South Cumbria ICB - 02M,NHS Lancashire and South Cumbria Integrated Care Board,North West,7.0,600933.0,False,1.164855316649277,8.62114,4.698821073314507,18.553877086131067,200311,188135.0,29.558561671140403,30.480771786217343,467617,1.0,2110,9498,1316,30234,36649,8513,2778,107,9108,8722,13169,0.005315332075371409,11.215350679033673,50.485024051877645,6.994977011188774,160.70374996677916,194.80160523028675,45.2494219576368,14.765992505381773,0.5687405320647407,48.41204454248279,46.360326361389426,69.99760810056608,2485.5396390889523
E38000228,01K,NHS Lancashire and South Cumbria ICB - 01K,NHS Lancashire and South Cumbria Integrated Care Board,North West,14.0,993972.0,False,1.4084903800107045,7.388600000000001,6.9483029259687745,20.095111576583644,331324,352821.0,23.91807743870121,37.26223779196817,685409,8.0,3475,15885,2214,45741,55257,12094,4432,106,14007,10609,20142,0.022674387295540797,9.849186981500536,45.022830273708195,6.275136684040915,129.64364366066647,156.61482734871223,34.2780049940338,12.561610561729603,0.3004356316659156,39.700017856079995,30.06907185229904,57.08843861334784,1942.6536402311654
E38000127,99C,NHS North East and North Cumbria ICB - 99C,NHS North East and North Cumbria Integrated Care Board,North East and Yorkshire,20.0,631536.0,False,3.1668820146436625,8.41295,5.510567424764535,20.932063074789088,210512,229152.0,21.49926686217009,36.897779639715125,537875,8.0,2431,8516,722,35995,41499,9475,2716,83,10616,16444,14840,0.03491132523390588,10.608678955453149,37.16310571149281,3.1507471023600058,157.07914397430525,181.09813573523252,41.348100823907274,11.852394916911045,0.3622049993017735,46.327328585393104,71.76022901829353,64.76050830889541,2347.24113252339
E38000130,00L,NHS North East and North Cumbria ICB - 00L,NHS North East and North Cumbria Integrated Care Board,North East and Yorkshire,15.0,972858.0,False,1.5418488618071704,9.16424,3.506741453858009,21.962933364375893,324286,345037.0,27.095354990914018,32.14785660668276,883505,19.0,4383,16342,1816,61617,74344,16287,4749,137,16477,23054,26283,0.05506655807927845,12.702985476919867,47.36303642797729,5.263203656419456,178.58084785110003,215.46674704451988,47.203633233537275,13.763741279920705,0.3970588661505867,47.754298814330056,66.81602262945712,76.17443926303557,2560.609441885943
E38000163,00N,NHS North East and North Cumbria ICB - 00N,NHS North East and North Cumbria Integrated Care Board,North East and Yorkshire,15.0,445824.0,False,3.3645564168819986,9.19488,4.429150509910606,31.061452055071058,148608,158718.0,21.601204652276365,37.15079575095452,419051,0.0,1563,7573,489,29226,32657,8551,2240,49,7463,13670,12134,0.0,9.847654330321703,47.713554858302146,3.080935999697577,184.13790496352019,205.754860822339,53.8754268576973,14.11308106200935,0.30872364823145454,47.020501770435615,86.12759737395885,76.45005607429529,2640.22354112325
E38000176,00P,NHS North East and North Cumbria ICB - 00P,NHS North East and North Cumbria Integrated Care Board,North East and Yorkshire,31.0,832536.0,False,3.7235627047959485,9.13392,5.099026151657727,32.7597927549079,277512,294558.0,20.747357057014238,39.04867632181099,814121,5.0,2790,14198,600,58589,67151,17678,4421,97,14135,23753,23419,0.016974585650364273,9.471818792903266,48.20103341277439,2.036950278043713,198.90479973383847,227.9720802015223,60.015345025427926,15.008928632052092,0.3293069616170669,47.9871536335798,80.63946659062051,79.50556426917619,2763.8733288520425
E38000212,13T,NHS North East and North Cumbria ICB - 13T,NHS North East and North Cumbria Integrated Care Board,North East and Yorkshire,115.0,1512972.0,False,7.600933791240023,7.60182,13.488758192848527,28.5571915534458,504324,555702.0,16.5421394920299,46.69301172211005,1207230,4.0,4828,20161,1441,82305,100072,26074,6314,165,22227,38146,31747,0.00719810258015987,8.688109814252963,36.28023652965078,2.593116454502593,148.10995821501453,180.08213035043963,46.92083166877211,11.362204922782356,0.2969217314315946,39.99805651230336,68.6447052556946,57.12954065308385,2172.4413444616
E38000215,01H,NHS North East and North Cumbria ICB - 01H,NHS North East and North Cumbria Integrated Care Board,North East and Yorkshire,12.0,967227.0,False,1.2406601552686185,8.82875,4.701912753883574,22.57908086933057,322409,337294.0,24.95271187747188,33.84347186727306,707279,7.0,4555,15297,2758,48019,58468,12998,5031,98,15313,12910,22633,0.020753408006071852,13.504539066808185,45.35212603841159,8.176842754392311,142.36541414908064,173.34432275700132,38.536113894703135,14.915770811221071,0.29054771208500596,45.399562399568325,38.275213908341094,67.1016976287749,2096.9213801609276
E38000234,84H,NHS North East and North Cumbria ICB - 84H,NHS North East and North Cumbria Integrated Care Board,North East and Yorkshire,11.0,1583112.0,False,0.6948339725805881,9.65814,4.386667228519658,28.808096341888636,527704,569607.0,22.04502402533677,37.54816917629172,1583097,145.0,7729,29131,2962,111687,131036,32431,9876,280,31051,40661,39725,0.25456147835261855,13.569004594395786,51.142278799242284,5.200076544003146,196.07729539840628,230.04633018906017,56.935746927267395,17.33827007041697,0.49156699268091864,54.513023891911445,71.38430531928154,69.74106708660533,2779.279397900658
E38000247,16C,NHS North East and North Cumbria ICB - 16C,NHS North East and North Cumbria Integrated Care Board,North East and Yorkshire,101.0,2067369.0,False,4.885436513752504,9.14584,6.794440522987777,31.371482797700846,689123,738296.0,20.19596476210084,38.62529392005374,1701931,57.0,7154,36338,3326,111798,142996,35797,10312,421,34769,40123,47508,0.07720480674417848,9.689880481541278,49.218741534560664,4.504968197037503,151.42706990150293,193.68383412614995,48.48597310563785,13.967297669227518,0.5702319936719148,47.09357764365512,54.34541159643287,64.34817471583214,2305.214981525025
E38000085,03F,NHS Humber and North Yorkshire ICB - 03F,NHS Humber and North Yorkshire Integrated Care Board,North East and Yorkshire,59.0,806031.0,False,7.319817724132199,9.08133,13.101149683556157,37.206066343602174,268677,312706.0,16.161826124218916,42.84503655190498,650405,0.0,2564,14263,1483,40308,50434,15721,3791,60,13050,12641,18252,0.0,8.199394958843131,45.61153287752714,4.742473761296553,128.9006287055573,161.2824825874783,50.27405934008302,12.123208381035223,0.19187351697760835,41.73248994262982,40.42455213523245,58.36792386458846,2079.9249134970228
E38000052,02Y,NHS Humber and North Yorkshire ICB - 02Y,NHS Humber and North Yorkshire Integrated Care Board,North East and Yorkshire,23.0,965289.0,False,2.382706111848369,9.3272,4.929451294833553,16.228270780046184,321763,320607.0,27.84530593530397,31.388272869899907,776045,2.0,3932,15952,2004,48404,62641,14528,4059,82,14800,16813,25088,0.006238166977015474,12.264236276812422,49.75561980867542,6.2506433109695045,150.9761171777285,195.38250880361315,45.3140449210404,12.660359879852903,0.25576484605763444,46.162435629914505,52.44115069228058,78.2515665596821,2420.5491458389865
E38000119,03H,NHS Humber and North Yorkshire ICB - 03H,NHS Humber and North Yorkshire Integrated Care Board,North East and Yorkshire,11.0,473235.0,False,2.3244265534037,8.78331,6.563706563706562,30.21336873434974,157745,174560.0,21.61148029330889,36.60116865261228,390361,0.0,1770,9274,887,25617,31719,7752,2743,83,7339,9305,10409,0.0,10.139780018331805,53.12786434463795,5.08134738771769,146.75183318056827,181.70829514207148,44.40879926672777,15.713794683776351,0.4754812098991751,42.04285059578368,53.30545371219065,59.62992667277727,2236.256874427131
E38000188,03Q,NHS Humber and North Yorkshire ICB - 03Q,NHS Humber and North Yorkshire Integrated Care Board,North East and Yorkshire,30.0,1092681.0,False,2.7455405557523194,5.75853,8.339231441775263,12.407156844495328,364227,247610.0,20.240701102540285,42.16469447922135,398710,0.0,2261,8657,1788,24870,29056,6435,2125,70,9097,8597,13147,0.0,9.13129518193934,34.96223900488671,7.221033076208554,100.4402083922297,117.34582609749202,25.988449577965348,8.58204434392795,0.28270263721174427,36.73922701021768,34.71992245870522,53.0955938774686,1610.233835467065
E38000122,03K,NHS Humber and North Yorkshire ICB - 03K,NHS Humber and North Yorkshire Integrated Care Board,North East and Yorkshire,22.0,510255.0,False,4.311569705343406,9.01274,9.403623760742196,23.47295480495047,170085,184452.0,22.803222518595625,35.53661657233318,483097,0.0,1901,9579,884,31908,40308,9447,2776,90,7704,13259,12671,0.0,10.306204324160216,51.93221000585518,4.792574761997701,172.98809446360028,218.52839763190423,51.21657667035326,15.049985904191876,0.48793181966039945,41.766963762930196,71.88319996530262,68.69537874352135,2619.0933142497774
E38000241,42D,NHS Humber and North Yorkshire ICB - 42D,NHS Humber and North Yorkshire Integrated Care Board,North East and Yorkshire,44.0,1291575.0,False,3.4066933782397464,7.80798,7.304045965441253,16.802704964868475,430525,569392.0,26.663880068564364,32.08141315648973,1206869,9.0,6475,24778,4403,78366,102789,20954,6461,149,21480,27596,41100,0.015806333773569,11.371779020428809,43.51659313794363,7.732809733891589,137.6310169443898,180.52413802793154,36.80065754348498,11.347191390114368,0.26168263691797566,37.72444993958468,48.4657318683789,72.18225756596509,2119.5749149970493
E38000025,02T,NHS West Yorkshire ICB - 02T,NHS West Yorkshire Integrated Care Board,North East and Yorkshire,32.0,622980.0,False,5.136601496035185,9.11764,8.513850978570181,27.582275440624098,207660,225093.0,19.777603035189898,37.37344119985961,484041,0.0,2327,8939,1223,30251,37352,11692,2831,115,9848,13383,16323,0.0,10.337949203218226,39.71247439947044,5.433309787510051,134.39333964183692,165.9403002314599,51.94297468157606,12.577023719085002,0.5108999391362681,43.75080522273016,59.4554250909624,72.51669310018525,2150.404499473551
E38000190,03R,NHS West Yorkshire ICB - 03R,NHS West Yorkshire Integrated Care Board,North East and Yorkshire,28.0,1073094.0,False,2.609277472430188,8.76889,8.511944851630282,27.246671091775966,356978,399454.0,19.268050889464117,38.591927981695015,812732,0.0,3357,19351,2004,52468,62887,15903,5405,200,17929,14464,19993,0.0,8.40397142098965,48.443625548874216,5.016847997516611,131.3492917832842,157.43239521947459,39.81184316592149,13.530969773741157,0.5006834328858892,44.88376634105554,36.209425866307505,50.050819368437914,2034.6072388810726
E38000225,15F,NHS West Yorkshire ICB - 15F,NHS West Yorkshire Integrated Care Board,North East and Yorkshire,207.0,2462406.0,False,8.406412265077327,7.00491,15.80009113637203,24.11463325990921,820802,935759.0,15.276582966340692,45.879548046024674,1513623,5.0,6646,28882,5139,93798,113081,32241,8468,300,31246,32435,37996,0.005343256116158114,7.102256029597364,30.864784629375723,5.491798636187308,100.23734743667974,120.84414897425512,34.45438408821075,9.049338558325381,0.3205953669694868,33.39107612109529,34.66170242551768,40.604471877908736,1617.5350704615184
E38000232,36J,NHS West Yorkshire ICB - 36J,NHS West Yorkshire Integrated Care Board,North East and Yorkshire,242.0,1813989.0,False,13.340764469905826,10.32498,17.477907961839957,34.68221353712729,604663,664822.0,16.396418891071594,41.35783713535352,1274322,9.0,5963,26952,3723,80506,94104,32807,9255,214,28257,30269,28975,0.013537458146691897,8.969318103191531,40.540174663293335,5.599995186681547,121.09406728417531,141.54766238181045,49.34704326872456,13.921019460848166,0.3218906714880073,42.503106094563655,45.52948007135745,43.58309442226641,1916.7867489343012
E38000254,X2C4Y,NHS West Yorkshire ICB - X2C4Y,NHS West Yorkshire Integrated Care Board,North East and Yorkshire,118.0,1313382.0,False,8.984438647704932,9.48959,12.590417895703798,25.804747913402196,437794,460476.0,17.84023488737741,40.14584907791068,940576,5.0,3979,16367,2184,58793,69324,23091,5492,172,19339,24834,26368,0.010858329207168236,8.64105838306448,35.5436548267445,4.742918197691084,127.67874981540841,150.54856279154612,50.14593594454434,11.926788801153588,0.37352652472658726,41.9978457074853,53.93114950616319,57.2624849069224,2042.6167704722936
E38000258,15E,NHS Birmingham and Solihull ICB - 15E,NHS Birmingham and Solihull Integrated Care Board,Midlands,658.0,4116015.0,False,15.98633629858006,9.31567,24.112404951695254,34.76963584170611,1372005,1634176.0,13.92518308921438,45.173836844990994,2335858,23.0,11104,54512,3744,122523,160453,61942,22626,691,58232,53862,46336,0.014074371426333516,6.794861752956842,33.35748413879533,2.2910628965301165,74.97540044646354,98.18587471606486,37.904118038693504,13.845509908357483,0.4228430719824548,35.633860734706666,32.9597301637033,28.354351061329993,1429.379699616198
E38000024,00V,NHS Greater Manchester ICB - 00V,NHS Greater Manchester Integrated Care Board,North West,39.0,583770.0,False,6.680713294619457,8.10803,12.072078578650869,24.007768389948094,194590,211388.0,18.45847446401877,39.15927110337389,361638,4.0,1833,9053,592,21634,26806,7565,2437,67,7243,7287,7646,0.018922550002838382,8.67125853880069,42.82646129392397,2.8005374004200805,102.34261169035139,126.80946884402141,35.78727269286809,11.528563589229284,0.3169527125475429,34.264007417639604,34.472155467670824,36.170454330425564,1710.7782844816168
E38000016,00T,NHS Greater Manchester ICB - 00T,NHS Greater Manchester Integrated Care Board,North West,155.0,897459.0,False,17.270983966955594,9.54438,16.91303422341004,31.410345819697614,299153,334432.0,16.64912448569515,40.62171084106784,580008,5.0,2804,14500,1168,35688,41538,14398,4126,112,11878,12242,14223,0.014950722418907282,8.384365132523204,43.35709501483112,3.4924887570567407,106.71227633719262,124.20462156731412,43.05210027748541,12.33733614008229,0.3348961821835231,35.51693617835614,36.605348770452586,42.52882499282366,1734.307721749115
E38000080,01D,NHS Greater Manchester ICB - 01D,NHS Greater Manchester Integrated Care Board,North West,68.0,680850.0,False,9.987515605493133,9.544029999999998,15.474690050324924,34.331286666666664,226950,253339.0,16.309372027204656,40.55514547700907,446282,7.0,2207,11727,707,26916,32364,10862,3016,91,9121,7940,8695,0.027630960886401226,8.711647239469643,46.28975404497531,2.7907270495265237,106.24499188833934,127.74977401821275,42.87535673544145,11.9049968619123,0.3592024915232159,36.0031420349808,31.341404205432244,34.32160070103695,1761.6000694721304
E38000135,00Y,NHS Greater Manchester ICB - 00Y,NHS Greater Manchester Integrated Care Board,North West,111.0,731979.0,False,15.164369469615933,9.57716,16.628663015011448,36.829938215440606,243993,267824.0,15.840626680207897,41.422351992353185,514302,7.0,2336,12467,921,31217,38818,13589,4219,90,10630,11629,10030,0.026136567297926995,8.722145886851067,46.549226357607985,3.4388254973415378,116.55788876276958,144.93846705299,50.73854471593285,15.752882489993427,0.3360415795447757,39.690244339566284,43.42030587251329,37.44996714260111,1920.2984049226357
E38000143,01G,NHS Greater Manchester ICB - 01G,NHS Greater Manchester Integrated Care Board,North West,97.0,836601.0,False,11.594535507368507,7.27973,18.99906257063141,32.34482802554623,278867,323870.0,12.542686880538488,49.96665328681261,573083,4.0,2418,11912,912,36001,42556,13163,3210,104,11581,13939,13585,0.012350634513848149,7.465958563621206,36.78018958223979,2.815944669157378,111.1587982832618,131.39840059283046,40.6428505264458,9.911384197363141,0.3211164973600519,35.758174576218856,43.038873622132336,41.94584246765678,1769.4846697749097
E38000205,02H,NHS Greater Manchester ICB - 02H,NHS Greater Manchester Integrated Care Board,North West,24.0,1002042.0,False,2.395109187040064,9.19466,6.211891169682982,25.205519816534633,334014,352424.0,19.470864640319615,38.25136767076022,679454,1.0,3046,16792,944,42535,47317,12298,4134,136,14915,13982,15457,0.002837491203777268,8.64299820670556,47.647152293827894,2.6785916963657415,120.69268835266611,134.261571289129,34.895466824052846,11.730188636415226,0.3858988037137085,42.321181304337955,39.673802011213766,43.85910153678524,1927.9447483712802
E38000174,01W,NHS Greater Manchester ICB - 01W,NHS Greater Manchester Integrated Care Board,North West,32.0,891573.0,False,3.5891620764648544,8.13461,9.438859465493199,18.404231413468107,297191,330500.0,19.776701966717095,38.05476550680787,655915,3.0,2926,12785,1484,40474,50093,13084,3745,158,13843,15683,16573,0.009077155824508321,8.853252647503782,38.68381240544629,4.49016641452345,122.46293494704992,151.56732223903177,39.58850226928896,11.331316187594554,0.47806354009077157,41.88502269288956,47.45234493192133,50.14523449319213,1984.6142208774584
E38000187,02A,NHS Greater Manchester ICB - 02A,NHS Greater Manchester Integrated Care Board,North West,59.0,709953.0,False,8.31040928061435,7.0,14.860920841026859,14.97160556262175,236651,247653.0,18.046621684372894,38.12956031221104,466015,2.0,2282,9170,832,29061,36691,9341,2521,73,9068,12071,12583,0.008075815758339289,9.21450578026513,37.027615251985644,3.3595393554691446,117.34564087654904,148.15487799461343,37.71809749932365,10.179565763386675,0.29476727517938406,36.61574864831034,48.74158600945678,50.808994843591634,1881.725640311242
E38000217,14L,NHS Greater Manchester ICB - 14L,NHS Greater Manchester Integrated Care Board,North West,441.0,1700334.0,False,25.93608079353821,6.70014,31.3869393345387,38.677228765054394,566778,747439.0,9.372002263729883,54.584922649206156,1217007,15.0,4829,27606,1615,70679,84026,30531,9592,233,24885,23223,26097,0.02006852733132737,6.460727898865326,36.9341177005749,2.1607114426729135,94.56156288339248,112.41853850280759,40.84748053018374,12.83315427747281,0.3117311245466185,33.29368684267211,31.07009401436104,34.915223851043365,1628.2358827944488
E38000261,15M,NHS Derby and Derbyshire ICB - 15M,NHS Derby and Derbyshire Integrated Care Board,Midlands,162.0,3201225.0,False,5.060562753320994,8.53072,8.301083536364228,21.552601190169387,1067075,1142998.0,21.17449024407742,37.065244208651286,1974412,3.0,10553,43153,4308,124786,145377,37243,13850,428,43064,32869,48847,0.002624676508620313,9.23273706515672,37.75422179216412,3.769035466378769,109.17429426823145,127.18919893123173,32.5836090701821,12.117256548130444,0.37445384856316455,37.676356389075046,28.756830720613685,42.73585780552547,1727.397598246016
E38000263,01Y,NHS Greater Manchester ICB - 01Y,NHS Greater Manchester Integrated Care Board,North West,66.0,698418.0,False,9.449928266453613,9.08798,10.33141185431381,29.835577115710077,232806,228640.0,17.631648005598322,40.263296011196644,483984,7.0,1949,11172,749,30963,34970,10511,3115,57,8230,9352,11546,0.030615815255423375,8.524317704688594,48.86284114765571,3.2758922323303006,135.42249825052485,152.9478656403079,45.97183344996501,13.6240377886634,0.24930020993701887,35.99545136459063,40.902729181245626,50.49860041987404,2116.7949615115463
E38000262,78H,NHS Northamptonshire ICB - 78H,NHS Northamptonshire Integrated Care Board,Midlands,148.0,2378265.0,False,6.223023927106524,8.03811,17.260820009296584,17.48272900328601,792755,849240.0,17.61115821204842,39.7057368941642,1546007,9.0,7381,32796,4200,95295,134574,35631,11836,356,30388,25288,50500,0.0105977108944468,8.691300456879093,38.61805849936414,4.945598417408506,112.21209552070086,158.46403843436485,41.956337431114875,13.937167349630258,0.41919834204700673,35.78258207338326,29.777212566530075,59.46493335217371,1820.459469643446
E38000008,02Q,NHS Nottingham and Nottinghamshire ICB - 02Q,NHS Nottingham and Nottinghamshire Integrated Care Board,Midlands,12.0,359955.0,False,3.3337500520898447,9.09897,6.704133522365508,22.54044841438513,119985,128889.0,22.324635927037995,35.34979711224387,294496,1.0,1502,6185,593,20831,25235,6012,1754,37,5320,6647,7349,0.007758614001194827,11.653438229794629,47.987027597390004,4.600858102708532,161.61968825888943,195.78862432015146,46.64478737518329,13.608608958095726,0.2870687180442086,41.27582648635648,51.57150726594202,57.01805429478078,2284.8807888958713
E38000243,52R,NHS Nottingham and Nottinghamshire ICB - 52R,NHS Nottingham and Nottinghamshire Integrated Care Board,Midlands,195.0,3127479.0,False,6.235053856476734,7.40713,13.361071059163255,22.902632703528944,1042493,1147963.0,18.09335318298586,42.06093750408332,1986094,18.0,8513,45343,3677,127226,154440,41511,14473,500,40757,45487,51838,0.015679947872884403,7.415744235659163,39.49865980001097,3.2030649071442197,110.82761378197729,134.5339527493482,36.16057311951692,12.607549198014222,0.43555410758012236,35.5037575252861,39.624099382994046,45.156507657476766,1730.102799480471
E38000006,02P,NHS South Yorkshire ICB - 02P,NHS South Yorkshire Integrated Care Board,North East and Yorkshire,25.0,739344.0,False,3.3813759224393514,8.95835,6.43296372616361,30.05719346880478,246448,270323.0,20.20434813167951,37.50846209904448,716983,6.0,2799,15385,1313,47949,55926,14532,4268,108,12096,18338,16747,0.022195669624856192,10.354279879995413,56.91339619640208,4.857152369572696,177.37669380703824,206.88583657328454,53.7579118314017,15.788519659814371,0.39952205324741147,44.746469963710084,67.83736493010213,61.95181320124444,2652.3196324397113
E38000044,02X,NHS South Yorkshire ICB - 02X,NHS South Yorkshire Integrated Care Board,North East and Yorkshire,67.0,932892.0,False,7.181967473190895,9.19989,10.427187869188725,30.522898634568634,310964,340474.0,19.543342516609197,38.703983270381876,722103,13.0,3167,18227,1384,51516,61095,17043,4719,104,13481,13645,16648,0.0381820638286624,9.301738165028754,53.53419056961766,4.064921256836057,151.30670770749015,179.44101458554837,50.0566856793764,13.86008916980445,0.3054565106292992,39.5948001903229,40.07648161093064,48.89653835535165,2120.8756028360463
E38000141,03L,NHS South Yorkshire ICB - 03L,NHS South Yorkshire Integrated Care Board,North East and Yorkshire,28.0,804801.0,False,3.4791209255455695,9.13637,6.840388428415023,29.83603035781516,268267,276654.0,19.889464818871225,38.21849675045363,620046,7.0,2478,15416,1433,41885,53178,13058,3893,82,11115,10361,14323,0.025302363240726683,8.957036587217248,55.723033102720365,5.179755217708763,151.39849776254815,192.21843891648052,47.19975131391558,14.07172858516414,0.2963991122485126,40.176538202953864,37.45111221959559,51.7722498138469,2241.232731137088
E38000146,03N,NHS South Yorkshire ICB - 03N,NHS South Yorkshire Integrated Care Board,North East and Yorkshire,152.0,1694106.0,False,8.97228390667408,7.07554,14.947700568007228,27.573756740723425,564702,631016.0,16.3946714504862,45.42404629993534,1307040,16.0,6101,27819,3458,81782,99074,27725,7909,162,24097,39130,37555,0.025355933922436198,9.668534553798953,44.08604536176579,5.480051218986523,129.60368675279233,157.00711233946524,43.937079249971475,12.533755087034244,0.2567288309646665,38.18762123305907,62.01110589905802,59.51513115356821,2071.326242123813
E38000259,D2P2L,NHS Black Country ICB - D2P2L,NHS Black Country Integrated Care Board,Midlands,543.0,3670857.0,False,14.7921861298329,9.99919,17.190086187000077,30.213527245817527,1223619,1334962.0,16.862802087250422,40.89771843692929,2358354,21.0,11390,53833,4883,127279,168779,58476,19232,479,50360,55323,51747,0.015730784846310235,8.532078066641597,40.32549241101994,3.6577820192634696,95.34278878350095,126.4298159797807,43.803494032039865,14.406402579249448,0.35881171149440955,37.7239202314373,41.44162905011529,38.76290111628646,1766.607588830244
E38000049,06K,NHS Central East ICB - 06K,NHS Central East Integrated Care Board,East of England,86.0,1723104.0,False,4.990992998681449,6.83605,15.488741012670193,13.862517936236001,574368,635497.0,17.984978685973342,39.46548921552738,1032659,4.0,5294,21827,3424,60510,89921,22251,7188,299,22324,23601,32925,0.006294286204340854,8.33048779144512,34.34634624553696,5.387908990915772,95.21681455616627,141.4971274451335,35.01354058319709,11.310832309200515,0.47049789377447887,35.12841130642631,37.13786217716213,51.809843319480656,1624.9628243721056
E38000079,06N,NHS Central East ICB - 06N,NHS Central East Integrated Care Board,East of England,129.0,1830672.0,False,7.046592726605312,6.97101,20.523987975126634,12.353921287920501,610224,690143.0,17.157023979088393,38.67792616892441,915380,5.0,4685,17470,2800,52875,72437,21145,5972,243,23041,21850,30104,0.007244875337430069,6.788448191171975,25.31359442898066,4.057130188960838,76.61455669332298,104.95940696348438,30.63857780199176,8.653279103026474,0.35210094139910136,33.38583452994524,31.6601052245694,43.61994543159896,1326.3627972753472
E38000249,M1J4Y,NHS Central East ICB - M1J4Y,NHS Central East Integrated Care Board,East of England,298.0,3049140.0,False,9.773247538650242,8.75476,23.349399472160258,19.537398961018518,1016380,1144566.0,15.368445332117151,41.76176821607491,1571073,5.0,8450,35438,5462,89628,118504,37143,12136,675,44852,30044,43442,0.004368468048151002,7.382711001375194,30.961954138075043,4.772114495800154,78.30741084393561,103.53618751561727,32.45160174249453,10.603145646472113,0.5897431865003854,39.18690577913375,26.24925080772974,37.95499778955517,1372.636440362548
E38000260,06H,NHS Central East ICB - 06H,NHS Central East Integrated Care Board,East of England,265.0,2784780.0,False,9.51601203685749,6.97878,20.759665261903592,16.61381683256846,928260,1050311.0,17.171199768449537,42.284428136047325,1795759,1.0,9474,38549,6576,111096,148382,40901,12469,517,37994,40594,61324,0.0009520989497396485,9.02018544983343,36.702462413513715,6.261002693487929,105.77438492027599,141.27434636026854,38.94179914330136,11.871721804303677,0.49223515701539833,36.17404749640821,38.649504765731294,58.38651599383421,1709.7402578855215
E38000007,99E,NHS Essex ICB - 99E,NHS Essex Integrated Care Board,East of England,28.0,798474.0,False,3.506689009285212,7.52311,11.657371300746656,19.211481736412207,266158,295882.0,18.15081687970204,38.823585077835084,405060,6.0,1948,9952,1600,23157,31224,8418,3449,121,11464,7080,12526,0.020278354208772414,6.583705666448111,33.635030180950515,5.4075611223393105,78.26430806875715,105.52855530245165,28.4505309549077,11.656673944342677,0.40894680987691034,38.74517544156116,23.928457966351452,42.33444413651388,1368.9916926342257
E38000030,99F,NHS Essex ICB - 99F,NHS Essex Integrated Care Board,East of England,16.0,530814.0,False,3.0142385091576336,8.26826,4.408466538454958,14.576085617560953,176938,187867.0,24.47103536012179,34.33705759925905,307079,4.0,1507,7407,715,17763,23121,5814,2617,109,8049,5373,8744,0.021291658460506638,8.021632324995874,39.426828554243166,3.805883949815561,94.55093230849485,123.07110881634348,30.947425572346393,13.930067547786466,0.5801976930488058,42.84413973715448,28.600020227075536,46.5435653946675,1634.5552970984793
E38000106,06Q,NHS Essex ICB - 06Q,NHS Essex Integrated Care Board,East of England,38.0,1225761.0,False,3.10011494899903,8.07979,8.873775181815247,14.950168656858882,408587,426472.0,20.894454970080098,36.8183608771502,766076,4.0,3917,16375,2703,47422,67724,16014,5561,198,17754,13367,25380,0.00937927929617888,9.18465925078317,38.3964246187323,6.338047984392879,111.19604569584874,158.80057776360465,37.54994466225215,13.03954304151269,0.46427432516085465,41.62993115608997,31.343206588005774,59.511527134255005,1796.310191524883
E38000117,06T,NHS Essex ICB - 06T,NHS Essex Integrated Care Board,East of England,37.0,1038144.0,False,3.5640527710991927,8.34173,10.400396496054098,23.788321599893656,346048,380760.0,22.718247715096123,37.11130370837273,826677,3.0,4756,18333,2761,50938,69437,16951,6063,251,16979,13545,34869,0.00787897888433659,12.490807857968274,48.1484399621809,7.251286899884441,133.77980880344572,182.36421893055993,44.51885702279651,15.923416325244247,0.6592078999894947,44.59239415905032,35.5735896627797,91.57737157264418,2171.1235423889066
E38000185,07G,NHS Essex ICB - 07G,NHS Essex Integrated Care Board,East of England,35.0,530364.0,False,6.599241275803034,8.02693,20.985879478364634,21.03164956897527,176788,189263.0,14.0481763471994,41.53585222679552,284991,5.0,1057,6928,894,16915,25142,7760,2429,79,6749,5017,9266,0.026418264531366406,5.584821121930858,36.60514733466129,4.723585698208313,89.37298890961256,132.84160136952283,41.00114655268066,12.8339929093378,0.4174085795955892,35.659373464438374,26.50808663077305,48.95832782952822,1505.7935254117288
E38000168,99G,NHS Essex ICB - 99G,NHS Essex Integrated Care Board,East of England,39.0,542652.0,False,7.1869264279869975,7.598580000000001,12.498616430168463,24.02729456447226,180884,196195.0,19.33586482835954,37.96376054435638,319247,2.0,1615,7307,1299,17304,22185,6335,2327,168,8600,5530,8513,0.010193939702846658,8.231606310048676,37.243558704350264,6.620963836998904,88.19796630902928,113.07627615382656,32.28930400876679,11.860648844262087,0.8562909350391192,43.833940722240634,28.18624327837101,43.3905043451668,1627.1923341573436
E38000197,07H,NHS Essex ICB - 07H,NHS Essex Integrated Care Board,East of England,54.0,966384.0,False,5.587840858292356,7.17314,13.688629197737857,15.1277489196841,322128,336871.0,18.815807831484456,37.783602625337295,577256,12.0,3287,12065,1580,34671,50130,12105,4119,183,13896,14837,16754,0.03562194430509008,9.757444244235923,35.81489650340932,4.69022266683686,102.92070258348151,148.8106723345138,35.933636317759614,12.22723238272217,0.5432346506526237,41.25021150529431,44.04356563788512,49.73417124062326,1713.5817568149232
E38000266,D9Y0V,NHS Hampshire and Isle of Wight ICB - D9Y0V,NHS Hampshire and Isle of Wight Integrated Care Board,South East,231.9543290001356,5430561.0,True,4.271277479437862,7.564562767277635,12.223001747228345,15.484260131135624,1810187,1923163.0,21.9992273145854,37.160188709953346,3028298,34.0,16147,63144,10396,178815,209805,56103,22469,969,67734,83439,77234,0.017679208678619544,8.396064192166758,32.83341037655155,5.405678041850847,92.97963823139277,109.09371696522864,29.172254249899776,11.68335705293831,0.5038574473406571,35.220103548165184,43.386338027509886,40.15988244366182,1574.6444789131237
E38000137,10R,NHS Hampshire and Isle of Wight ICB - 10R,NHS Hampshire and Isle of Wight Integrated Care Board,South East,52.0,626847.0,False,8.295485182189593,7.573740000000001,16.930718300581315,26.378011897640093,208949,231927.0,15.44537720920807,45.39833654555097,336493,3.0,1505,7189,866,19986,21496,6568,2122,129,8043,10082,7150,0.012935104580320532,6.489110797794134,30.99682227597477,3.7339335221858603,86.17366671409539,92.68433601952339,28.319255627848417,9.14943063981339,0.556209496953783,34.67901537983935,43.470574792930535,30.828665916430598,1450.8573818485988
E38000204,07K,NHS Norfolk and Suffolk ICB - 07K,NHS Norfolk and Suffolk Integrated Care Board,East of England,27.0,712710.0,False,3.788357115797449,8.25355,14.39490336705097,16.19017258492234,237570,280438.0,24.193939480384255,34.389775993267676,631255,3.0,3834,14344,2572,39383,54428,12074,4055,175,13045,12802,23503,0.0106975516870039,13.671471055990985,51.14856046612799,9.171367646324677,140.43389269642486,194.08211440674944,43.054079689628374,14.45952403026694,0.6240238484085608,46.51652058565529,45.65001889900798,83.8081857665509,2250.960996726549
E38000086,06L,NHS Norfolk and Suffolk ICB - 06L,NHS Norfolk and Suffolk Integrated Care Board,East of England,39.0,1243731.0,False,3.135726294512238,7.81322,10.282679408609086,18.318337155703283,414577,417630.0,23.768167995594187,35.071953643176975,827161,3.0,4725,16952,2459,52265,69558,16008,5635,251,17353,15028,30089,0.007183391997701315,11.31384239637957,40.5909537150109,5.887986974115844,125.14666091995308,166.5541268587027,38.33057969973421,13.492804635682303,0.6010104638076766,41.55113377870364,35.98400498048512,72.04702727294496,1980.6072360702055
E38000239,26A,NHS Norfolk and Suffolk ICB - 26A,NHS Norfolk and Suffolk Integrated Care Board,East of England,147.0,3126801.0,False,4.701290552228939,9.02622,9.088575767672147,21.735202217857807,1042267,1097370.0,25.302678221566108,35.050529903314285,2376299,76.0,13407,50786,9996,149420,193375,45266,15136,656,47701,39126,68570,0.06925649507458742,12.217392492960442,46.279741563921014,9.109051641652314,136.16191439532702,176.21677282958345,41.24953297429308,13.792977755907305,0.5977929048543336,43.46847462569598,35.65433718800404,62.48576141137447,2165.4492103848293
E38000021,09D,NHS Surrey and Sussex ICB - 09D,NHS Surrey and Sussex Integrated Care Board,South East,36.0,835110.0,False,4.3108093544563,4.97459,19.613652438760344,20.265920982864532,278370,323821.0,14.388504760345993,47.226090957658705,436960,2.0,2265,7993,1178,24755,28625,7994,2362,110,9075,13193,13331,0.006176251694609059,6.994605044144759,24.6833898975051,3.6378122481247352,76.44655535002362,88.39760237909215,24.686478023352407,7.294153251333298,0.33969384320349827,28.024742064288603,40.741644303488656,41.16780567041668,1349.3874702381872
E38000235,97R,NHS Surrey and Sussex ICB - 97R,NHS Surrey and Sussex Integrated Care Board,South East,52.0,1653021.0,False,3.1457555590642827,7.88443,9.855537132544912,21.229936675940596,551007,576024.0,26.426676666250017,32.848631307028874,1073714,13.0,6394,21754,2896,66412,84089,18315,6829,279,22301,23782,35422,0.02256850409010736,11.100231934780494,37.76578753663041,5.027568295765454,115.29380720247767,145.9817646486952,31.795550185408946,11.855408802411011,0.4843548185492271,38.71540074719109,41.286474174687164,61.49396552921406,1864.0091385081178
E38000265,70F,NHS Surrey and Sussex ICB - 70F,NHS Surrey and Sussex Integrated Care Board,South East,121.0,2678421.0,False,4.517587041021557,7.93601,12.902706842560828,14.800003015209333,892807,948878.0,23.35379258450507,35.078376777625785,1574422,6.0,9721,30522,5153,96173,125085,28278,10845,439,35342,39840,44638,0.006323257573681759,10.24473114562673,32.166411277319106,5.430624379530351,101.35444177228263,131.82411226733046,29.801512944762127,11.429288064429779,0.4626516791410487,37.24609486151012,41.98643028924688,47.042928595667725,1659.2459726118639
E38000267,92A,NHS Surrey and Sussex ICB - 92A,NHS Surrey and Sussex Integrated Care Board,South East,212.73969816145842,3651144.0,True,5.82665866263994,6.501333645608061,17.922433920219692,10.132184259782687,1217048,1295166.0,19.498890489713286,37.06243060735072,1665268,8.0,10153,33671,6113,91516,122332,30281,11780,498,43738,43609,49357,0.006176814400625094,7.839149576193322,25.99743971043094,4.71985830387765,70.65966833595076,94.45275740715863,23.380014608166057,9.09535920492045,0.38450669643891205,33.77018853181754,33.67058739960746,38.10862854645659,1285.7564204125185
E38000136,10Q,NHS Thames Valley ICB - 10Q,NHS Thames Valley Integrated Care Board,South East,162.0,2162271.0,False,7.49212286526527,5.70786,18.93830905435434,11.220468322888298,720757,821970.0,18.116111293599523,42.45227928026571,1153019,13.0,5421,22910,4850,66005,89000,23200,7833,323,25387,38272,32224,0.015815662372106038,6.595131209168218,27.872063457303796,5.900458654208792,80.30098422083532,108.27645777826442,28.224874387143082,9.529544873900507,0.3929583804761731,30.885555433896617,46.561310023480175,39.203377252211155,1402.7507086633334
E38000221,15A,NHS Thames Valley ICB - 15A,NHS Thames Valley Integrated Care Board,South East,153.0,1558566.0,False,9.816716135216602,6.82668,21.70692782998922,11.86189213161329,519522,584765.0,16.61898369430455,40.8459808641078,744822,6.0,3661,17032,4085,39443,58111,16217,5315,199,17236,18281,24878,0.010260532008584646,6.260634613904731,29.12623019503561,6.985712209178046,67.45102733576735,99.37496259181039,27.732507930536197,9.089121270937898,0.3403076449513907,29.47508828332749,31.262130941489318,42.543585884928135,1273.711661949672
E38000223,14Y,NHS Thames Valley ICB - 14Y,NHS Thames Valley Integrated Care Board,South East,112.0,1691346.0,False,6.621944888863663,6.95564,16.564016826663785,11.901330099222749,563782,595695.0,19.546244302873113,36.414272404502306,784283,3.0,4480,17414,2784,44589,61390,16118,6222,226,21475,19897,21268,0.005036134263339461,7.5206271665869275,29.233080687264454,4.673532596379019,74.8520635560144,103.0560941421365,27.05747068550181,10.444942462166042,0.3793887811715727,36.05032776840497,33.40132114588842,35.70283450423455,1316.5848294848875
E38000268,U2G6B,NHS Thames Valley ICB - U2G6B,NHS Thames Valley Integrated Care Board,South East,157.30597283840595,1323858.0,True,11.8823901686137,7.91766,28.53242445898154,14.314908841431635,441286,498413.0,14.837293569790516,42.03040450389536,631386,14.0,2823,12930,1633,35258,47251,17075,4765,191,17044,12878,18777,0.028089154977899856,5.663977464472235,25.942340990303222,3.276399291350747,70.74053044362807,94.8029044186247,34.25873723197429,9.560344533549486,0.3832163286270623,34.19653981738036,25.83800984324245,37.673575930001824,1266.7928003483055
E38000240,93C,NHS West and North London ICB - 93C,NHS West and North London Integrated Care Board,London,610.0,4251432.0,False,14.348106708516095,6.29879,42.84255616055456,25.754022851594474,1417144,1802029.0,12.13099234252057,49.95130489020987,2301813,49.0,8403,37670,3436,130655,174512,67281,13536,464,46465,66009,64027,0.027191571278819597,4.663077009304512,20.904214083125186,1.906739569673962,72.50438255988111,96.84194871447686,37.3362470859237,7.511532833267389,0.2574875321096386,25.78482366266026,36.63037609272659,35.530504780999635,1277.3451481635423
E38000256,W2U3Z,NHS West and North London ICB - W2U3Z,NHS West and North London Integrated Care Board,London,1806.0,6351306.0,False,28.43509665571144,7.4385,49.93733937691022,23.635466066821532,2117102,2893100.0,11.608136600877952,51.33206595001901,3413593,75.0,12604,52067,6353,186450,283685,117632,24211,818,68834,99601,94544,0.025923749611143757,4.356572534651412,17.996958280045625,2.195914417061284,64.44644153330339,98.05571877916422,40.6595001901075,8.36853202447202,0.28274169575887453,23.792471743112923,34.42708513359372,32.679133109813,1179.908402751374
