utla,year,tb_count
E06000001,2001,4
E06000001,2002,11
E06000001,2003,6
E06000001,2004,5
E06000001,2005,2
E06000001,2006,0
E06000001,2007,6
E06000001,2008,7
E06000001,2009,10
E06000001,2010,3
E06000001,2011,6
E06000001,2012,5
E06000001,2013,6
E06000001,2014,3
E06000001,2015,2
E06000001,2016,5
E06000001,2017,2
E06000001,2018,4
E06000001,2019,1
E06000001,2020,5
E06000001,2021,3
E06000001,2022,1
E06000001,2023,5
E06000001,2024,3
E06000002,2001,23
E06000002,2002,23
E06000002,2003,18
E06000002,2004,25
E06000002,2005,16
E06000002,2006,11
E06000002,2007,31
E06000002,2008,32
E06000002,2009,25
E06000002,2010,17
E06000002,2011,18
E06000002,2012,24
E06000002,2013,14
E06000002,2014,14
E06000002,2015,13
E06000002,2016,14
E06000002,2017,19
E06000002,2018,13
E06000002,2019,13
E06000002,2020,14
E06000002,2021,10
E06000002,2022,14
E06000002,2023,13
E06000002,2024,18
E06000003,2001,9
E06000003,2002,3
E06000003,2003,4
E06000003,2004,5
E06000003,2005,0
E06000003,2006,3
E06000003,2007,6
E06000003,2008,4
E06000003,2009,6
E06000003,2010,6
E06000003,2011,4
E06000003,2012,3
E06000003,2013,4
E06000003,2014,6
E06000003,2015,2
E06000003,2016,4
E06000003,2017,3
E06000003,2018,2
E06000003,2019,2
E06000003,2020,3
E06000003,2021,0
E06000003,2022,1
E06000003,2023,3
E06000003,2024,3
E06000004,2001,13
E06000004,2002,11
E06000004,2003,9
E06000004,2004,8
E06000004,2005,16
E06000004,2006,21
E06000004,2007,20
E06000004,2008,8
E06000004,2009,8
E06000004,2010,10
E06000004,2011,11
E06000004,2012,11
E06000004,2013,10
E06000004,2014,8
E06000004,2015,9
E06000004,2016,15
E06000004,2017,7
E06000004,2018,7
E06000004,2019,7
E06000004,2020,4
E06000004,2021,6
E06000004,2022,7
E06000004,2023,15
E06000004,2024,12
E06000005,2001,3
E06000005,2002,5
E06000005,2003,6
E06000005,2004,2
E06000005,2005,4
E06000005,2006,3
E06000005,2007,1
E06000005,2008,5
E06000005,2009,2
E06000005,2010,5
E06000005,2011,0
E06000005,2012,9
E06000005,2013,5
E06000005,2014,6
E06000005,2015,5
E06000005,2016,7
E06000005,2017,2
E06000005,2018,5
E06000005,2019,2
E06000005,2020,8
E06000005,2021,2
E06000005,2022,1
E06000005,2023,1
E06000005,2024,4
E06000006,2001,1
E06000006,2002,0
E06000006,2003,4
E06000006,2004,3
E06000006,2005,1
E06000006,2006,5
E06000006,2007,3
E06000006,2008,1
E06000006,2009,2
E06000006,2010,2
E06000006,2011,0
E06000006,2012,0
E06000006,2013,2
E06000006,2014,5
E06000006,2015,2
E06000006,2016,0
E06000006,2017,2
E06000006,2018,2
E06000006,2019,1
E06000006,2020,1
E06000006,2021,0
E06000006,2022,4
E06000006,2023,3
E06000006,2024,4
E06000007,2001,1
E06000007,2002,7
E06000007,2003,3
E06000007,2004,1
E06000007,2005,6
E06000007,2006,4
E06000007,2007,9
E06000007,2008,9
E06000007,2009,12
E06000007,2010,12
E06000007,2011,6
E06000007,2012,9
E06000007,2013,14
E06000007,2014,9
E06000007,2015,8
E06000007,2016,9
E06000007,2017,5
E06000007,2018,7
E06000007,2019,7
E06000007,2020,2
E06000007,2021,4
E06000007,2022,6
E06000007,2023,9
E06000007,2024,11
E06000008,2001,44
E06000008,2002,60
E06000008,2003,34
E06000008,2004,57
E06000008,2005,57
E06000008,2006,53
E06000008,2007,50
E06000008,2008,53
E06000008,2009,62
E06000008,2010,74
E06000008,2011,42
E06000008,2012,56
E06000008,2013,59
E06000008,2014,34
E06000008,2015,35
E06000008,2016,37
E06000008,2017,32
E06000008,2018,18
E06000008,2019,37
E06000008,2020,30
E06000008,2021,31
E06000008,2022,18
E06000008,2023,24
E06000008,2024,39
E06000009,2001,16
E06000009,2002,10
E06000009,2003,10
E06000009,2004,8
E06000009,2005,6
E06000009,2006,9
E06000009,2007,11
E06000009,2008,16
E06000009,2009,11
E06000009,2010,12
E06000009,2011,31
E06000009,2012,20
E06000009,2013,12
E06000009,2014,19
E06000009,2015,9
E06000009,2016,14
E06000009,2017,11
E06000009,2018,6
E06000009,2019,5
E06000009,2020,1
E06000009,2021,3
E06000009,2022,24
E06000009,2023,10
E06000009,2024,1
E06000010,2001,9
E06000010,2002,14
E06000010,2003,15
E06000010,2004,14
E06000010,2005,7
E06000010,2006,17
E06000010,2007,16
E06000010,2008,12
E06000010,2009,9
E06000010,2010,19
E06000010,2011,24
E06000010,2012,25
E06000010,2013,16
E06000010,2014,18
E06000010,2015,17
E06000010,2016,13
E06000010,2017,17
E06000010,2018,19
E06000010,2019,18
E06000010,2020,22
E06000010,2021,20
E06000010,2022,14
E06000010,2023,18
E06000010,2024,27
E06000011,2001,15
E06000011,2002,5
E06000011,2003,6
E06000011,2004,10
E06000011,2005,5
E06000011,2006,13
E06000011,2007,5
E06000011,2008,10
E06000011,2009,7
E06000011,2010,2
E06000011,2011,15
E06000011,2012,6
E06000011,2013,4
E06000011,2014,10
E06000011,2015,3
E06000011,2016,6
E06000011,2017,7
E06000011,2018,10
E06000011,2019,8
E06000011,2020,5
E06000011,2021,6
E06000011,2022,5
E06000011,2023,12
E06000011,2024,8
E06000012,2001,11
E06000012,2002,4
E06000012,2003,4
E06000012,2004,0
E06000012,2005,3
E06000012,2006,4
E06000012,2007,8
E06000012,2008,7
E06000012,2009,3
E06000012,2010,7
E06000012,2011,7
E06000012,2012,1
E06000012,2013,2
E06000012,2014,5
E06000012,2015,7
E06000012,2016,8
E06000012,2017,3
E06000012,2018,2
E06000012,2019,7
E06000012,2020,0
E06000012,2021,1
E06000012,2022,1
E06000012,2023,0
E06000012,2024,9
E06000013,2001,3
E06000013,2002,5
E06000013,2003,4
E06000013,2004,3
E06000013,2005,1
E06000013,2006,7
E06000013,2007,6
E06000013,2008,17
E06000013,2009,35
E06000013,2010,7
E06000013,2011,13
E06000013,2012,19
E06000013,2013,15
E06000013,2014,6
E06000013,2015,10
E06000013,2016,6
E06000013,2017,8
E06000013,2018,4
E06000013,2019,11
E06000013,2020,4
E06000013,2021,11
E06000013,2022,0
E06000013,2023,7
E06000013,2024,4
E06000014,2001,3
E06000014,2002,5
E06000014,2003,5
E06000014,2004,5
E06000014,2005,8
E06000014,2006,9
E06000014,2007,11
E06000014,2008,13
E06000014,2009,10
E06000014,2010,4
E06000014,2011,6
E06000014,2012,5
E06000014,2013,11
E06000014,2014,2
E06000014,2015,2
E06000014,2016,4
E06000014,2017,2
E06000014,2018,4
E06000014,2019,8
E06000014,2020,12
E06000014,2021,4
E06000014,2022,4
E06000014,2023,7
E06000014,2024,8
E06000015,2001,47
E06000015,2002,46
E06000015,2003,59
E06000015,2004,39
E06000015,2005,28
E06000015,2006,36
E06000015,2007,40
E06000015,2008,55
E06000015,2009,45
E06000015,2010,40
E06000015,2011,53
E06000015,2012,34
E06000015,2013,34
E06000015,2014,37
E06000015,2015,35
E06000015,2016,28
E06000015,2017,30
E06000015,2018,29
E06000015,2019,29
E06000015,2020,27
E06000015,2021,42
E06000015,2022,31
E06000015,2023,33
E06000015,2024,32
E06000016,2001,264
E06000016,2002,197
E06000016,2003,198
E06000016,2004,151
E06000016,2005,263
E06000016,2006,227
E06000016,2007,216
E06000016,2008,177
E06000016,2009,206
E06000016,2010,207
E06000016,2011,188
E06000016,2012,184
E06000016,2013,158
E06000016,2014,142
E06000016,2015,125
E06000016,2016,130
E06000016,2017,135
E06000016,2018,142
E06000016,2019,146
E06000016,2020,132
E06000016,2021,151
E06000016,2022,140
E06000016,2023,164
E06000016,2024,178
E06000017,2001,0
E06000017,2002,1
E06000017,2003,2
E06000017,2004,1
E06000017,2005,1
E06000017,2006,1
E06000017,2007,0
E06000017,2008,0
E06000017,2009,2
E06000017,2010,1
E06000017,2011,3
E06000017,2012,3
E06000017,2013,2
E06000017,2014,1
E06000017,2015,2
E06000017,2016,1
E06000017,2017,1
E06000017,2018,0
E06000017,2019,2
E06000017,2020,0
E06000017,2021,3
E06000017,2022,0
E06000017,2023,1
E06000017,2024,2
E06000018,2001,52
E06000018,2002,40
E06000018,2003,36
E06000018,2004,48
E06000018,2005,57
E06000018,2006,82
E06000018,2007,80
E06000018,2008,81
E06000018,2009,55
E06000018,2010,69
E06000018,2011,67
E06000018,2012,60
E06000018,2013,58
E06000018,2014,50
E06000018,2015,54
E06000018,2016,48
E06000018,2017,43
E06000018,2018,33
E06000018,2019,48
E06000018,2020,36
E06000018,2021,45
E06000018,2022,51
E06000018,2023,38
E06000018,2024,36
E06000019,2001,2
E06000019,2002,4
E06000019,2003,1
E06000019,2004,6
E06000019,2005,1
E06000019,2006,3
E06000019,2007,4
E06000019,2008,8
E06000019,2009,5
E06000019,2010,3
E06000019,2011,6
E06000019,2012,7
E06000019,2013,5
E06000019,2014,3
E06000019,2015,3
E06000019,2016,3
E06000019,2017,6
E06000019,2018,8
E06000019,2019,1
E06000019,2020,3
E06000019,2021,1
E06000019,2022,1
E06000019,2023,4
E06000019,2024,6
E06000020,2001,4
E06000020,2002,3
E06000020,2003,3
E06000020,2004,16
E06000020,2005,12
E06000020,2006,12
E06000020,2007,11
E06000020,2008,13
E06000020,2009,12
E06000020,2010,10
E06000020,2011,7
E06000020,2012,14
E06000020,2013,12
E06000020,2014,9
E06000020,2015,5
E06000020,2016,5
E06000020,2017,9
E06000020,2018,7
E06000020,2019,9
E06000020,2020,7
E06000020,2021,7
E06000020,2022,8
E06000020,2023,10
E06000020,2024,16
E06000021,2001,29
E06000021,2002,35
E06000021,2003,32
E06000021,2004,26
E06000021,2005,42
E06000021,2006,39
E06000021,2007,27
E06000021,2008,30
E06000021,2009,30
E06000021,2010,32
E06000021,2011,46
E06000021,2012,40
E06000021,2013,35
E06000021,2014,28
E06000021,2015,28
E06000021,2016,33
E06000021,2017,21
E06000021,2018,26
E06000021,2019,25
E06000021,2020,24
E06000021,2021,23
E06000021,2022,29
E06000021,2023,30
E06000021,2024,37
E06000022,2001,11
E06000022,2002,11
E06000022,2003,12
E06000022,2004,9
E06000022,2005,18
E06000022,2006,4
E06000022,2007,5
E06000022,2008,8
E06000022,2009,12
E06000022,2010,12
E06000022,2011,4
E06000022,2012,11
E06000022,2013,9
E06000022,2014,19
E06000022,2015,12
E06000022,2016,5
E06000022,2017,3
E06000022,2018,5
E06000022,2019,9
E06000022,2020,0
E06000022,2021,5
E06000022,2022,7
E06000022,2023,4
E06000022,2024,11
E06000023,2001,40
E06000023,2002,63
E06000023,2003,51
E06000023,2004,75
E06000023,2005,66
E06000023,2006,81
E06000023,2007,81
E06000023,2008,72
E06000023,2009,84
E06000023,2010,81
E06000023,2011,82
E06000023,2012,88
E06000023,2013,97
E06000023,2014,98
E06000023,2015,79
E06000023,2016,66
E06000023,2017,61
E06000023,2018,48
E06000023,2019,49
E06000023,2020,43
E06000023,2021,36
E06000023,2022,35
E06000023,2023,55
E06000023,2024,41
E06000024,2001,7
E06000024,2002,4
E06000024,2003,3
E06000024,2004,5
E06000024,2005,10
E06000024,2006,6
E06000024,2007,5
E06000024,2008,10
E06000024,2009,13
E06000024,2010,10
E06000024,2011,6
E06000024,2012,9
E06000024,2013,7
E06000024,2014,8
E06000024,2015,10
E06000024,2016,6
E06000024,2017,6
E06000024,2018,7
E06000024,2019,5
E06000024,2020,6
E06000024,2021,7
E06000024,2022,4
E06000024,2023,12
E06000024,2024,5
E06000025,2001,11
E06000025,2002,5
E06000025,2003,12
E06000025,2004,12
E06000025,2005,10
E06000025,2006,9
E06000025,2007,8
E06000025,2008,15
E06000025,2009,25
E06000025,2010,13
E06000025,2011,18
E06000025,2012,13
E06000025,2013,17
E06000025,2014,21
E06000025,2015,16
E06000025,2016,18
E06000025,2017,9
E06000025,2018,11
E06000025,2019,18
E06000025,2020,7
E06000025,2021,10
E06000025,2022,9
E06000025,2023,16
E06000025,2024,17
E06000026,2001,15
E06000026,2002,12
E06000026,2003,9
E06000026,2004,12
E06000026,2005,5
E06000026,2006,16
E06000026,2007,12
E06000026,2008,13
E06000026,2009,12
E06000026,2010,11
E06000026,2011,16
E06000026,2012,20
E06000026,2013,12
E06000026,2014,11
E06000026,2015,18
E06000026,2016,17
E06000026,2017,20
E06000026,2018,11
E06000026,2019,12
E06000026,2020,7
E06000026,2021,12
E06000026,2022,14
E06000026,2023,7
E06000026,2024,23
E06000027,2001,8
E06000027,2002,6
E06000027,2003,3
E06000027,2004,8
E06000027,2005,12
E06000027,2006,10
E06000027,2007,4
E06000027,2008,11
E06000027,2009,14
E06000027,2010,12
E06000027,2011,11
E06000027,2012,5
E06000027,2013,10
E06000027,2014,6
E06000027,2015,8
E06000027,2016,6
E06000027,2017,3
E06000027,2018,5
E06000027,2019,2
E06000027,2020,3
E06000027,2021,2
E06000027,2022,5
E06000027,2023,7
E06000027,2024,7
E06000030,2001,9
E06000030,2002,8
E06000030,2003,12
E06000030,2004,11
E06000030,2005,10
E06000030,2006,21
E06000030,2007,24
E06000030,2008,13
E06000030,2009,18
E06000030,2010,21
E06000030,2011,23
E06000030,2012,18
E06000030,2013,30
E06000030,2014,18
E06000030,2015,22
E06000030,2016,30
E06000030,2017,25
E06000030,2018,17
E06000030,2019,24
E06000030,2020,17
E06000030,2021,14
E06000030,2022,23
E06000030,2023,25
E06000030,2024,20
E06000031,2001,26
E06000031,2002,26
E06000031,2003,14
E06000031,2004,34
E06000031,2005,36
E06000031,2006,39
E06000031,2007,24
E06000031,2008,47
E06000031,2009,36
E06000031,2010,47
E06000031,2011,52
E06000031,2012,59
E06000031,2013,57
E06000031,2014,45
E06000031,2015,31
E06000031,2016,39
E06000031,2017,44
E06000031,2018,36
E06000031,2019,38
E06000031,2020,30
E06000031,2021,46
E06000031,2022,36
E06000031,2023,45
E06000031,2024,38
E06000032,2001,69
E06000032,2002,87
E06000032,2003,74
E06000032,2004,67
E06000032,2005,87
E06000032,2006,74
E06000032,2007,80
E06000032,2008,73
E06000032,2009,91
E06000032,2010,96
E06000032,2011,108
E06000032,2012,85
E06000032,2013,60
E06000032,2014,73
E06000032,2015,57
E06000032,2016,55
E06000032,2017,61
E06000032,2018,46
E06000032,2019,44
E06000032,2020,57
E06000032,2021,47
E06000032,2022,45
E06000032,2023,58
E06000032,2024,55
E06000033,2001,16
E06000033,2002,16
E06000033,2003,18
E06000033,2004,27
E06000033,2005,22
E06000033,2006,22
E06000033,2007,26
E06000033,2008,18
E06000033,2009,21
E06000033,2010,25
E06000033,2011,19
E06000033,2012,17
E06000033,2013,14
E06000033,2014,9
E06000033,2015,15
E06000033,2016,7
E06000033,2017,14
E06000033,2018,10
E06000033,2019,14
E06000033,2020,14
E06000033,2021,18
E06000033,2022,8
E06000033,2023,15
E06000033,2024,16
E06000034,2001,4
E06000034,2002,6
E06000034,2003,10
E06000034,2004,17
E06000034,2005,13
E06000034,2006,7
E06000034,2007,7
E06000034,2008,15
E06000034,2009,12
E06000034,2010,21
E06000034,2011,14
E06000034,2012,9
E06000034,2013,11
E06000034,2014,4
E06000034,2015,11
E06000034,2016,12
E06000034,2017,16
E06000034,2018,6
E06000034,2019,17
E06000034,2020,7
E06000034,2021,14
E06000034,2022,11
E06000034,2023,9
E06000034,2024,15
E06000035,2001,21
E06000035,2002,13
E06000035,2003,20
E06000035,2004,8
E06000035,2005,14
E06000035,2006,16
E06000035,2007,18
E06000035,2008,22
E06000035,2009,20
E06000035,2010,20
E06000035,2011,28
E06000035,2012,20
E06000035,2013,16
E06000035,2014,16
E06000035,2015,14
E06000035,2016,12
E06000035,2017,12
E06000035,2018,18
E06000035,2019,24
E06000035,2020,17
E06000035,2021,17
E06000035,2022,18
E06000035,2023,22
E06000035,2024,20
E06000036,2001,4
E06000036,2002,4
E06000036,2003,6
E06000036,2004,4
E06000036,2005,9
E06000036,2006,4
E06000036,2007,6
E06000036,2008,7
E06000036,2009,9
E06000036,2010,12
E06000036,2011,10
E06000036,2012,10
E06000036,2013,6
E06000036,2014,14
E06000036,2015,7
E06000036,2016,3
E06000036,2017,5
E06000036,2018,7
E06000036,2019,7
E06000036,2020,5
E06000036,2021,13
E06000036,2022,5
E06000036,2023,11
E06000036,2024,6
E06000037,2001,5
E06000037,2002,8
E06000037,2003,4
E06000037,2004,9
E06000037,2005,11
E06000037,2006,3
E06000037,2007,10
E06000037,2008,5
E06000037,2009,11
E06000037,2010,7
E06000037,2011,6
E06000037,2012,9
E06000037,2013,11
E06000037,2014,7
E06000037,2015,5
E06000037,2016,6
E06000037,2017,8
E06000037,2018,6
E06000037,2019,5
E06000037,2020,9
E06000037,2021,5
E06000037,2022,4
E06000037,2023,6
E06000037,2024,4
E06000038,2001,31
E06000038,2002,41
E06000038,2003,39
E06000038,2004,34
E06000038,2005,59
E06000038,2006,44
E06000038,2007,55
E06000038,2008,60
E06000038,2009,57
E06000038,2010,59
E06000038,2011,52
E06000038,2012,43
E06000038,2013,66
E06000038,2014,64
E06000038,2015,37
E06000038,2016,27
E06000038,2017,38
E06000038,2018,22
E06000038,2019,25
E06000038,2020,29
E06000038,2021,35
E06000038,2022,30
E06000038,2023,39
E06000038,2024,37
E06000039,2001,64
E06000039,2002,68
E06000039,2003,73
E06000039,2004,70
E06000039,2005,76
E06000039,2006,61
E06000039,2007,54
E06000039,2008,59
E06000039,2009,61
E06000039,2010,72
E06000039,2011,85
E06000039,2012,84
E06000039,2013,78
E06000039,2014,58
E06000039,2015,71
E06000039,2016,53
E06000039,2017,43
E06000039,2018,36
E06000039,2019,51
E06000039,2020,46
E06000039,2021,44
E06000039,2022,50
E06000039,2023,55
E06000039,2024,56
E06000040,2001,12
E06000040,2002,11
E06000040,2003,15
E06000040,2004,8
E06000040,2005,17
E06000040,2006,8
E06000040,2007,9
E06000040,2008,11
E06000040,2009,13
E06000040,2010,9
E06000040,2011,10
E06000040,2012,12
E06000040,2013,9
E06000040,2014,21
E06000040,2015,7
E06000040,2016,10
E06000040,2017,14
E06000040,2018,12
E06000040,2019,10
E06000040,2020,7
E06000040,2021,11
E06000040,2022,6
E06000040,2023,9
E06000040,2024,13
E06000041,2001,4
E06000041,2002,9
E06000041,2003,13
E06000041,2004,11
E06000041,2005,9
E06000041,2006,15
E06000041,2007,12
E06000041,2008,9
E06000041,2009,10
E06000041,2010,16
E06000041,2011,10
E06000041,2012,14
E06000041,2013,12
E06000041,2014,19
E06000041,2015,17
E06000041,2016,16
E06000041,2017,7
E06000041,2018,7
E06000041,2019,3
E06000041,2020,2
E06000041,2021,14
E06000041,2022,11
E06000041,2023,12
E06000041,2024,10
E06000042,2001,23
E06000042,2002,9
E06000042,2003,13
E06000042,2004,18
E06000042,2005,24
E06000042,2006,43
E06000042,2007,44
E06000042,2008,38
E06000042,2009,33
E06000042,2010,26
E06000042,2011,36
E06000042,2012,44
E06000042,2013,32
E06000042,2014,23
E06000042,2015,23
E06000042,2016,25
E06000042,2017,24
E06000042,2018,33
E06000042,2019,26
E06000042,2020,18
E06000042,2021,29
E06000042,2022,22
E06000042,2023,24
E06000042,2024,29
E06000043,2001,24
E06000043,2002,6
E06000043,2003,3
E06000043,2004,14
E06000043,2005,15
E06000043,2006,15
E06000043,2007,30
E06000043,2008,28
E06000043,2009,35
E06000043,2010,22
E06000043,2011,23
E06000043,2012,31
E06000043,2013,15
E06000043,2014,22
E06000043,2015,24
E06000043,2016,19
E06000043,2017,15
E06000043,2018,19
E06000043,2019,10
E06000043,2020,12
E06000043,2021,15
E06000043,2022,10
E06000043,2023,13
E06000043,2024,13
E06000044,2001,11
E06000044,2002,15
E06000044,2003,16
E06000044,2004,23
E06000044,2005,20
E06000044,2006,22
E06000044,2007,23
E06000044,2008,23
E06000044,2009,30
E06000044,2010,24
E06000044,2011,16
E06000044,2012,23
E06000044,2013,19
E06000044,2014,10
E06000044,2015,17
E06000044,2016,11
E06000044,2017,12
E06000044,2018,12
E06000044,2019,13
E06000044,2020,12
E06000044,2021,10
E06000044,2022,18
E06000044,2023,18
E06000044,2024,16
E06000045,2001,14
E06000045,2002,26
E06000045,2003,34
E06000045,2004,33
E06000045,2005,30
E06000045,2006,33
E06000045,2007,24
E06000045,2008,24
E06000045,2009,36
E06000045,2010,27
E06000045,2011,51
E06000045,2012,41
E06000045,2013,39
E06000045,2014,29
E06000045,2015,23
E06000045,2016,34
E06000045,2017,34
E06000045,2018,29
E06000045,2019,23
E06000045,2020,21
E06000045,2021,18
E06000045,2022,27
E06000045,2023,21
E06000045,2024,32
E06000046,2001,7
E06000046,2002,3
E06000046,2003,1
E06000046,2004,1
E06000046,2005,3
E06000046,2006,0
E06000046,2007,7
E06000046,2008,1
E06000046,2009,3
E06000046,2010,3
E06000046,2011,6
E06000046,2012,7
E06000046,2013,2
E06000046,2014,3
E06000046,2015,1
E06000046,2016,3
E06000046,2017,1
E06000046,2018,2
E06000046,2019,2
E06000046,2020,1
E06000046,2021,1
E06000046,2022,0
E06000046,2023,0
E06000046,2024,1
E06000047,2001,17
E06000047,2002,10
E06000047,2003,18
E06000047,2004,19
E06000047,2005,14
E06000047,2006,19
E06000047,2007,23
E06000047,2008,17
E06000047,2009,23
E06000047,2010,13
E06000047,2011,5
E06000047,2012,16
E06000047,2013,9
E06000047,2014,10
E06000047,2015,10
E06000047,2016,7
E06000047,2017,9
E06000047,2018,15
E06000047,2019,8
E06000047,2020,7
E06000047,2021,14
E06000047,2022,2
E06000047,2023,1
E06000047,2024,8
E06000049,2001,11
E06000049,2002,7
E06000049,2003,11
E06000049,2004,4
E06000049,2005,1
E06000049,2006,11
E06000049,2007,4
E06000049,2008,9
E06000049,2009,6
E06000049,2010,8
E06000049,2011,12
E06000049,2012,9
E06000049,2013,21
E06000049,2014,12
E06000049,2015,18
E06000049,2016,17
E06000049,2017,7
E06000049,2018,6
E06000049,2019,8
E06000049,2020,8
E06000049,2021,16
E06000049,2022,12
E06000049,2023,12
E06000049,2024,14
E06000050,2001,3
E06000050,2002,6
E06000050,2003,5
E06000050,2004,7
E06000050,2005,14
E06000050,2006,16
E06000050,2007,10
E06000050,2008,5
E06000050,2009,8
E06000050,2010,10
E06000050,2011,8
E06000050,2012,8
E06000050,2013,11
E06000050,2014,12
E06000050,2015,11
E06000050,2016,7
E06000050,2017,8
E06000050,2018,6
E06000050,2019,12
E06000050,2020,8
E06000050,2021,4
E06000050,2022,11
E06000050,2023,8
E06000050,2024,15
E06000051,2001,10
E06000051,2002,4
E06000051,2003,11
E06000051,2004,18
E06000051,2005,13
E06000051,2006,14
E06000051,2007,7
E06000051,2008,13
E06000051,2009,8
E06000051,2010,8
E06000051,2011,10
E06000051,2012,14
E06000051,2013,11
E06000051,2014,10
E06000051,2015,7
E06000051,2016,8
E06000051,2017,0
E06000051,2018,8
E06000051,2019,6
E06000051,2020,5
E06000051,2021,8
E06000051,2022,8
E06000051,2023,1
E06000051,2024,9
E06000052,2001,20
E06000052,2002,26
E06000052,2003,24
E06000052,2004,40
E06000052,2005,26
E06000052,2006,20
E06000052,2007,42
E06000052,2008,22
E06000052,2009,26
E06000052,2010,14
E06000052,2011,46
E06000052,2012,36
E06000052,2013,28
E06000052,2014,34
E06000052,2015,18
E06000052,2016,24
E06000052,2017,28
E06000052,2018,26
E06000052,2019,22
E06000052,2020,26
E06000052,2021,18
E06000052,2022,18
E06000052,2023,10
E06000052,2024,16
E06000054,2001,11
E06000054,2002,11
E06000054,2003,13
E06000054,2004,12
E06000054,2005,9
E06000054,2006,12
E06000054,2007,9
E06000054,2008,16
E06000054,2009,13
E06000054,2010,15
E06000054,2011,15
E06000054,2012,14
E06000054,2013,12
E06000054,2014,17
E06000054,2015,16
E06000054,2016,11
E06000054,2017,9
E06000054,2018,6
E06000054,2019,14
E06000054,2020,10
E06000054,2021,8
E06000054,2022,5
E06000054,2023,12
E06000054,2024,16
E06000055,2001,24
E06000055,2002,23
E06000055,2003,25
E06000055,2004,27
E06000055,2005,22
E06000055,2006,24
E06000055,2007,21
E06000055,2008,31
E06000055,2009,29
E06000055,2010,28
E06000055,2011,19
E06000055,2012,33
E06000055,2013,24
E06000055,2014,25
E06000055,2015,17
E06000055,2016,20
E06000055,2017,16
E06000055,2018,10
E06000055,2019,16
E06000055,2020,8
E06000055,2021,11
E06000055,2022,12
E06000055,2023,16
E06000055,2024,10
E06000056,2001,11
E06000056,2002,6
E06000056,2003,6
E06000056,2004,9
E06000056,2005,10
E06000056,2006,8
E06000056,2007,8
E06000056,2008,7
E06000056,2009,11
E06000056,2010,15
E06000056,2011,11
E06000056,2012,6
E06000056,2013,10
E06000056,2014,8
E06000056,2015,7
E06000056,2016,5
E06000056,2017,6
E06000056,2018,6
E06000056,2019,6
E06000056,2020,4
E06000056,2021,8
E06000056,2022,10
E06000056,2023,8
E06000056,2024,8
E06000057,2001,12
E06000057,2002,7
E06000057,2003,7
E06000057,2004,3
E06000057,2005,9
E06000057,2006,5
E06000057,2007,13
E06000057,2008,10
E06000057,2009,7
E06000057,2010,7
E06000057,2011,7
E06000057,2012,9
E06000057,2013,5
E06000057,2014,13
E06000057,2015,6
E06000057,2016,4
E06000057,2017,5
E06000057,2018,7
E06000057,2019,0
E06000057,2020,1
E06000057,2021,1
E06000057,2022,6
E06000057,2023,6
E06000057,2024,3
E06000058,2001,24
E06000058,2002,29
E06000058,2003,20
E06000058,2004,25
E06000058,2005,38
E06000058,2006,32
E06000058,2007,25
E06000058,2008,29
E06000058,2009,22
E06000058,2010,23
E06000058,2011,28
E06000058,2012,19
E06000058,2013,16
E06000058,2014,14
E06000058,2015,23
E06000058,2016,17
E06000058,2017,18
E06000058,2018,16
E06000058,2019,20
E06000058,2020,14
E06000058,2021,12
E06000058,2022,10
E06000058,2023,12
E06000058,2024,21
E06000059,2001,13
E06000059,2002,7
E06000059,2003,11
E06000059,2004,12
E06000059,2005,14
E06000059,2006,15
E06000059,2007,12
E06000059,2008,8
E06000059,2009,20
E06000059,2010,9
E06000059,2011,8
E06000059,2012,10
E06000059,2013,11
E06000059,2014,13
E06000059,2015,5
E06000059,2016,7
E06000059,2017,10
E06000059,2018,6
E06000059,2019,6
E06000059,2020,2
E06000059,2021,2
E06000059,2022,5
E06000059,2023,5
E06000059,2024,8
E06000060,2001,38
E06000060,2002,50
E06000060,2003,47
E06000060,2004,32
E06000060,2005,40
E06000060,2006,41
E06000060,2007,37
E06000060,2008,34
E06000060,2009,30
E06000060,2010,48
E06000060,2011,52
E06000060,2012,54
E06000060,2013,44
E06000060,2014,39
E06000060,2015,42
E06000060,2016,53
E06000060,2017,43
E06000060,2018,48
E06000060,2019,47
E06000060,2020,35
E06000060,2021,28
E06000060,2022,30
E06000060,2023,39
E06000060,2024,43
E06000061,2001,22
E06000061,2002,27
E06000061,2003,15
E06000061,2004,17
E06000061,2005,27
E06000061,2006,23
E06000061,2007,17
E06000061,2008,27
E06000061,2009,30
E06000061,2010,29
E06000061,2011,28
E06000061,2012,22
E06000061,2013,15
E06000061,2014,16
E06000061,2015,17
E06000061,2016,18
E06000061,2017,19
E06000061,2018,20
E06000061,2019,14
E06000061,2020,10
E06000061,2021,18
E06000061,2022,23
E06000061,2023,21
E06000061,2024,21
E06000062,2001,45
E06000062,2002,55
E06000062,2003,41
E06000062,2004,58
E06000062,2005,52
E06000062,2006,46
E06000062,2007,49
E06000062,2008,37
E06000062,2009,49
E06000062,2010,39
E06000062,2011,37
E06000062,2012,58
E06000062,2013,31
E06000062,2014,31
E06000062,2015,31
E06000062,2016,32
E06000062,2017,19
E06000062,2018,35
E06000062,2019,39
E06000062,2020,24
E06000062,2021,27
E06000062,2022,24
E06000062,2023,22
E06000062,2024,37
E06000063,2001,4
E06000063,2002,4
E06000063,2003,2
E06000063,2004,3
E06000063,2005,4
E06000063,2006,1
E06000063,2007,10
E06000063,2008,3
E06000063,2009,0
E06000063,2010,3
E06000063,2011,1
E06000063,2012,16
E06000063,2013,8
E06000063,2014,5
E06000063,2015,6
E06000063,2016,5
E06000063,2017,2
E06000063,2018,9
E06000063,2019,6
E06000063,2020,2
E06000063,2021,2
E06000063,2022,2
E06000063,2023,2
E06000063,2024,7
E06000064,2001,1
E06000064,2002,2
E06000064,2003,3
E06000064,2004,5
E06000064,2005,1
E06000064,2006,1
E06000064,2007,13
E06000064,2008,5
E06000064,2009,7
E06000064,2010,8
E06000064,2011,10
E06000064,2012,13
E06000064,2013,6
E06000064,2014,9
E06000064,2015,2
E06000064,2016,4
E06000064,2017,2
E06000064,2018,3
E06000064,2019,5
E06000064,2020,4
E06000064,2021,4
E06000064,2022,1
E06000064,2023,1
E06000064,2024,4
E06000065,2001,12
E06000065,2002,10
E06000065,2003,14
E06000065,2004,20
E06000065,2005,13
E06000065,2006,18
E06000065,2007,17
E06000065,2008,10
E06000065,2009,20
E06000065,2010,18
E06000065,2011,13
E06000065,2012,13
E06000065,2013,17
E06000065,2014,13
E06000065,2015,15
E06000065,2016,15
E06000065,2017,13
E06000065,2018,8
E06000065,2019,10
E06000065,2020,17
E06000065,2021,13
E06000065,2022,12
E06000065,2023,19
E06000065,2024,23
E06000066,2001,6
E06000066,2002,19
E06000066,2003,6
E06000066,2004,17
E06000066,2005,21
E06000066,2006,8
E06000066,2007,13
E06000066,2008,13
E06000066,2009,7
E06000066,2010,14
E06000066,2011,17
E06000066,2012,16
E06000066,2013,16
E06000066,2014,19
E06000066,2015,5
E06000066,2016,7
E06000066,2017,10
E06000066,2018,4
E06000066,2019,19
E06000066,2020,11
E06000066,2021,11
E06000066,2022,13
E06000066,2023,14
E06000066,2024,13
E08000001,2001,67
E08000001,2002,59
E08000001,2003,53
E08000001,2004,45
E08000001,2005,68
E08000001,2006,72
E08000001,2007,62
E08000001,2008,63
E08000001,2009,75
E08000001,2010,66
E08000001,2011,61
E08000001,2012,47
E08000001,2013,58
E08000001,2014,56
E08000001,2015,43
E08000001,2016,50
E08000001,2017,44
E08000001,2018,34
E08000001,2019,30
E08000001,2020,39
E08000001,2021,36
E08000001,2022,50
E08000001,2023,44
E08000001,2024,61
E08000002,2001,15
E08000002,2002,6
E08000002,2003,22
E08000002,2004,10
E08000002,2005,8
E08000002,2006,5
E08000002,2007,11
E08000002,2008,8
E08000002,2009,24
E08000002,2010,14
E08000002,2011,21
E08000002,2012,23
E08000002,2013,16
E08000002,2014,25
E08000002,2015,17
E08000002,2016,11
E08000002,2017,19
E08000002,2018,13
E08000002,2019,18
E08000002,2020,13
E08000002,2021,9
E08000002,2022,11
E08000002,2023,15
E08000002,2024,13
E08000003,2001,134
E08000003,2002,139
E08000003,2003,117
E08000003,2004,156
E08000003,2005,146
E08000003,2006,161
E08000003,2007,175
E08000003,2008,171
E08000003,2009,203
E08000003,2010,198
E08000003,2011,220
E08000003,2012,181
E08000003,2013,166
E08000003,2014,135
E08000003,2015,122
E08000003,2016,135
E08000003,2017,121
E08000003,2018,88
E08000003,2019,130
E08000003,2020,104
E08000003,2021,114
E08000003,2022,119
E08000003,2023,154
E08000003,2024,168
E08000004,2001,48
E08000004,2002,38
E08000004,2003,38
E08000004,2004,37
E08000004,2005,45
E08000004,2006,44
E08000004,2007,41
E08000004,2008,46
E08000004,2009,36
E08000004,2010,52
E08000004,2011,46
E08000004,2012,50
E08000004,2013,43
E08000004,2014,53
E08000004,2015,54
E08000004,2016,40
E08000004,2017,36
E08000004,2018,34
E08000004,2019,48
E08000004,2020,37
E08000004,2021,35
E08000004,2022,32
E08000004,2023,41
E08000004,2024,38
E08000005,2001,14
E08000005,2002,20
E08000005,2003,20
E08000005,2004,15
E08000005,2005,32
E08000005,2006,32
E08000005,2007,43
E08000005,2008,51
E08000005,2009,47
E08000005,2010,41
E08000005,2011,42
E08000005,2012,35
E08000005,2013,23
E08000005,2014,39
E08000005,2015,26
E08000005,2016,31
E08000005,2017,25
E08000005,2018,31
E08000005,2019,16
E08000005,2020,29
E08000005,2021,13
E08000005,2022,25
E08000005,2023,17
E08000005,2024,26
E08000006,2001,16
E08000006,2002,11
E08000006,2003,25
E08000006,2004,22
E08000006,2005,22
E08000006,2006,26
E08000006,2007,27
E08000006,2008,34
E08000006,2009,29
E08000006,2010,36
E08000006,2011,24
E08000006,2012,24
E08000006,2013,30
E08000006,2014,26
E08000006,2015,32
E08000006,2016,28
E08000006,2017,21
E08000006,2018,20
E08000006,2019,26
E08000006,2020,15
E08000006,2021,27
E08000006,2022,28
E08000006,2023,31
E08000006,2024,38
E08000007,2001,21
E08000007,2002,23
E08000007,2003,25
E08000007,2004,10
E08000007,2005,21
E08000007,2006,18
E08000007,2007,22
E08000007,2008,24
E08000007,2009,14
E08000007,2010,10
E08000007,2011,28
E08000007,2012,15
E08000007,2013,16
E08000007,2014,19
E08000007,2015,14
E08000007,2016,13
E08000007,2017,18
E08000007,2018,17
E08000007,2019,4
E08000007,2020,7
E08000007,2021,7
E08000007,2022,6
E08000007,2023,13
E08000007,2024,13
E08000008,2001,28
E08000008,2002,16
E08000008,2003,32
E08000008,2004,13
E08000008,2005,39
E08000008,2006,18
E08000008,2007,21
E08000008,2008,29
E08000008,2009,46
E08000008,2010,35
E08000008,2011,33
E08000008,2012,34
E08000008,2013,22
E08000008,2014,19
E08000008,2015,16
E08000008,2016,21
E08000008,2017,29
E08000008,2018,21
E08000008,2019,17
E08000008,2020,12
E08000008,2021,29
E08000008,2022,16
E08000008,2023,24
E08000008,2024,26
E08000009,2001,31
E08000009,2002,27
E08000009,2003,22
E08000009,2004,29
E08000009,2005,18
E08000009,2006,16
E08000009,2007,29
E08000009,2008,19
E08000009,2009,31
E08000009,2010,23
E08000009,2011,27
E08000009,2012,39
E08000009,2013,31
E08000009,2014,26
E08000009,2015,22
E08000009,2016,25
E08000009,2017,19
E08000009,2018,19
E08000009,2019,11
E08000009,2020,24
E08000009,2021,21
E08000009,2022,14
E08000009,2023,22
E08000009,2024,23
E08000010,2001,0
E08000010,2002,7
E08000010,2003,7
E08000010,2004,7
E08000010,2005,13
E08000010,2006,13
E08000010,2007,11
E08000010,2008,9
E08000010,2009,16
E08000010,2010,15
E08000010,2011,9
E08000010,2012,7
E08000010,2013,14
E08000010,2014,11
E08000010,2015,14
E08000010,2016,15
E08000010,2017,5
E08000010,2018,8
E08000010,2019,11
E08000010,2020,7
E08000010,2021,4
E08000010,2022,3
E08000010,2023,13
E08000010,2024,8
E08000011,2001,2
E08000011,2002,6
E08000011,2003,8
E08000011,2004,3
E08000011,2005,3
E08000011,2006,8
E08000011,2007,0
E08000011,2008,4
E08000011,2009,4
E08000011,2010,3
E08000011,2011,5
E08000011,2012,2
E08000011,2013,5
E08000011,2014,3
E08000011,2015,2
E08000011,2016,1
E08000011,2017,0
E08000011,2018,1
E08000011,2019,0
E08000011,2020,4
E08000011,2021,0
E08000011,2022,3
E08000011,2023,5
E08000011,2024,6
E08000012,2001,48
E08000012,2002,35
E08000012,2003,19
E08000012,2004,18
E08000012,2005,87
E08000012,2006,60
E08000012,2007,44
E08000012,2008,50
E08000012,2009,45
E08000012,2010,61
E08000012,2011,42
E08000012,2012,48
E08000012,2013,41
E08000012,2014,36
E08000012,2015,41
E08000012,2016,35
E08000012,2017,38
E08000012,2018,30
E08000012,2019,43
E08000012,2020,33
E08000012,2021,28
E08000012,2022,29
E08000012,2023,49
E08000012,2024,57
E08000013,2001,4
E08000013,2002,4
E08000013,2003,3
E08000013,2004,3
E08000013,2005,5
E08000013,2006,0
E08000013,2007,4
E08000013,2008,4
E08000013,2009,2
E08000013,2010,4
E08000013,2011,5
E08000013,2012,5
E08000013,2013,3
E08000013,2014,5
E08000013,2015,2
E08000013,2016,2
E08000013,2017,3
E08000013,2018,1
E08000013,2019,2
E08000013,2020,0
E08000013,2021,4
E08000013,2022,5
E08000013,2023,5
E08000013,2024,4
E08000014,2001,12
E08000014,2002,6
E08000014,2003,12
E08000014,2004,11
E08000014,2005,14
E08000014,2006,9
E08000014,2007,5
E08000014,2008,12
E08000014,2009,9
E08000014,2010,10
E08000014,2011,7
E08000014,2012,17
E08000014,2013,6
E08000014,2014,9
E08000014,2015,6
E08000014,2016,8
E08000014,2017,5
E08000014,2018,6
E08000014,2019,10
E08000014,2020,6
E08000014,2021,5
E08000014,2022,4
E08000014,2023,5
E08000014,2024,8
E08000015,2001,10
E08000015,2002,13
E08000015,2003,5
E08000015,2004,4
E08000015,2005,12
E08000015,2006,15
E08000015,2007,16
E08000015,2008,10
E08000015,2009,10
E08000015,2010,16
E08000015,2011,10
E08000015,2012,11
E08000015,2013,11
E08000015,2014,6
E08000015,2015,10
E08000015,2016,13
E08000015,2017,6
E08000015,2018,8
E08000015,2019,10
E08000015,2020,9
E08000015,2021,7
E08000015,2022,6
E08000015,2023,5
E08000015,2024,5
E08000016,2001,6
E08000016,2002,9
E08000016,2003,9
E08000016,2004,10
E08000016,2005,4
E08000016,2006,11
E08000016,2007,6
E08000016,2008,6
E08000016,2009,3
E08000016,2010,8
E08000016,2011,12
E08000016,2012,3
E08000016,2013,5
E08000016,2014,11
E08000016,2015,8
E08000016,2016,10
E08000016,2017,4
E08000016,2018,2
E08000016,2019,8
E08000016,2020,4
E08000016,2021,7
E08000016,2022,9
E08000016,2023,10
E08000016,2024,6
E08000017,2001,16
E08000017,2002,14
E08000017,2003,21
E08000017,2004,18
E08000017,2005,15
E08000017,2006,16
E08000017,2007,20
E08000017,2008,9
E08000017,2009,11
E08000017,2010,22
E08000017,2011,22
E08000017,2012,21
E08000017,2013,19
E08000017,2014,30
E08000017,2015,18
E08000017,2016,10
E08000017,2017,15
E08000017,2018,15
E08000017,2019,18
E08000017,2020,9
E08000017,2021,14
E08000017,2022,27
E08000017,2023,16
E08000017,2024,24
E08000018,2001,37
E08000018,2002,37
E08000018,2003,33
E08000018,2004,28
E08000018,2005,26
E08000018,2006,18
E08000018,2007,21
E08000018,2008,14
E08000018,2009,26
E08000018,2010,20
E08000018,2011,19
E08000018,2012,30
E08000018,2013,13
E08000018,2014,21
E08000018,2015,10
E08000018,2016,10
E08000018,2017,19
E08000018,2018,11
E08000018,2019,16
E08000018,2020,9
E08000018,2021,15
E08000018,2022,12
E08000018,2023,9
E08000018,2024,7
E08000019,2001,82
E08000019,2002,58
E08000019,2003,91
E08000019,2004,90
E08000019,2005,85
E08000019,2006,97
E08000019,2007,129
E08000019,2008,74
E08000019,2009,77
E08000019,2010,84
E08000019,2011,89
E08000019,2012,92
E08000019,2013,95
E08000019,2014,83
E08000019,2015,69
E08000019,2016,63
E08000019,2017,36
E08000019,2018,56
E08000019,2019,46
E08000019,2020,33
E08000019,2021,23
E08000019,2022,43
E08000019,2023,40
E08000019,2024,69
E08000021,2001,39
E08000021,2002,37
E08000021,2003,34
E08000021,2004,38
E08000021,2005,38
E08000021,2006,36
E08000021,2007,55
E08000021,2008,40
E08000021,2009,34
E08000021,2010,51
E08000021,2011,43
E08000021,2012,50
E08000021,2013,35
E08000021,2014,42
E08000021,2015,46
E08000021,2016,35
E08000021,2017,31
E08000021,2018,39
E08000021,2019,18
E08000021,2020,25
E08000021,2021,29
E08000021,2022,23
E08000021,2023,34
E08000021,2024,39
E08000022,2001,9
E08000022,2002,10
E08000022,2003,10
E08000022,2004,11
E08000022,2005,11
E08000022,2006,7
E08000022,2007,6
E08000022,2008,12
E08000022,2009,8
E08000022,2010,11
E08000022,2011,6
E08000022,2012,4
E08000022,2013,13
E08000022,2014,13
E08000022,2015,2
E08000022,2016,5
E08000022,2017,6
E08000022,2018,7
E08000022,2019,5
E08000022,2020,2
E08000022,2021,7
E08000022,2022,4
E08000022,2023,8
E08000022,2024,8
E08000023,2001,16
E08000023,2002,6
E08000023,2003,9
E08000023,2004,6
E08000023,2005,1
E08000023,2006,5
E08000023,2007,12
E08000023,2008,10
E08000023,2009,12
E08000023,2010,6
E08000023,2011,6
E08000023,2012,3
E08000023,2013,3
E08000023,2014,14
E08000023,2015,8
E08000023,2016,4
E08000023,2017,1
E08000023,2018,5
E08000023,2019,6
E08000023,2020,3
E08000023,2021,1
E08000023,2022,6
E08000023,2023,4
E08000023,2024,5
E08000024,2001,26
E08000024,2002,21
E08000024,2003,14
E08000024,2004,19
E08000024,2005,18
E08000024,2006,23
E08000024,2007,19
E08000024,2008,25
E08000024,2009,16
E08000024,2010,18
E08000024,2011,16
E08000024,2012,21
E08000024,2013,25
E08000024,2014,18
E08000024,2015,14
E08000024,2016,8
E08000024,2017,14
E08000024,2018,10
E08000024,2019,7
E08000024,2020,5
E08000024,2021,4
E08000024,2022,5
E08000024,2023,14
E08000024,2024,12
E08000025,2001,313
E08000025,2002,328
E08000025,2003,343
E08000025,2004,393
E08000025,2005,376
E08000025,2006,415
E08000025,2007,373
E08000025,2008,431
E08000025,2009,470
E08000025,2010,358
E08000025,2011,401
E08000025,2012,447
E08000025,2013,388
E08000025,2014,319
E08000025,2015,251
E08000025,2016,268
E08000025,2017,249
E08000025,2018,228
E08000025,2019,213
E08000025,2020,185
E08000025,2021,214
E08000025,2022,184
E08000025,2023,217
E08000025,2024,228
E08000026,2001,61
E08000026,2002,76
E08000026,2003,58
E08000026,2004,79
E08000026,2005,87
E08000026,2006,95
E08000026,2007,131
E08000026,2008,107
E08000026,2009,91
E08000026,2010,80
E08000026,2011,120
E08000026,2012,131
E08000026,2013,100
E08000026,2014,91
E08000026,2015,88
E08000026,2016,84
E08000026,2017,81
E08000026,2018,76
E08000026,2019,80
E08000026,2020,57
E08000026,2021,42
E08000026,2022,67
E08000026,2023,63
E08000026,2024,85
E08000027,2001,18
E08000027,2002,48
E08000027,2003,30
E08000027,2004,33
E08000027,2005,32
E08000027,2006,34
E08000027,2007,43
E08000027,2008,38
E08000027,2009,29
E08000027,2010,35
E08000027,2011,34
E08000027,2012,29
E08000027,2013,42
E08000027,2014,21
E08000027,2015,32
E08000027,2016,21
E08000027,2017,21
E08000027,2018,27
E08000027,2019,18
E08000027,2020,15
E08000027,2021,18
E08000027,2022,23
E08000027,2023,13
E08000027,2024,22
E08000028,2001,81
E08000028,2002,86
E08000028,2003,86
E08000028,2004,90
E08000028,2005,118
E08000028,2006,112
E08000028,2007,112
E08000028,2008,107
E08000028,2009,107
E08000028,2010,101
E08000028,2011,106
E08000028,2012,118
E08000028,2013,121
E08000028,2014,77
E08000028,2015,96
E08000028,2016,86
E08000028,2017,79
E08000028,2018,52
E08000028,2019,63
E08000028,2020,66
E08000028,2021,67
E08000028,2022,64
E08000028,2023,51
E08000028,2024,73
E08000029,2001,10
E08000029,2002,9
E08000029,2003,16
E08000029,2004,13
E08000029,2005,11
E08000029,2006,21
E08000029,2007,13
E08000029,2008,18
E08000029,2009,20
E08000029,2010,4
E08000029,2011,21
E08000029,2012,23
E08000029,2013,15
E08000029,2014,15
E08000029,2015,12
E08000029,2016,14
E08000029,2017,8
E08000029,2018,6
E08000029,2019,11
E08000029,2020,7
E08000029,2021,8
E08000029,2022,5
E08000029,2023,10
E08000029,2024,14
E08000030,2001,58
E08000030,2002,59
E08000030,2003,54
E08000030,2004,60
E08000030,2005,44
E08000030,2006,51
E08000030,2007,61
E08000030,2008,56
E08000030,2009,47
E08000030,2010,48
E08000030,2011,68
E08000030,2012,50
E08000030,2013,52
E08000030,2014,36
E08000030,2015,33
E08000030,2016,45
E08000030,2017,52
E08000030,2018,42
E08000030,2019,28
E08000030,2020,38
E08000030,2021,44
E08000030,2022,36
E08000030,2023,36
E08000030,2024,41
E08000031,2001,50
E08000031,2002,69
E08000031,2003,74
E08000031,2004,87
E08000031,2005,90
E08000031,2006,62
E08000031,2007,66
E08000031,2008,76
E08000031,2009,76
E08000031,2010,81
E08000031,2011,90
E08000031,2012,76
E08000031,2013,81
E08000031,2014,63
E08000031,2015,57
E08000031,2016,68
E08000031,2017,47
E08000031,2018,55
E08000031,2019,51
E08000031,2020,50
E08000031,2021,64
E08000031,2022,44
E08000031,2023,56
E08000031,2024,84
E08000032,2001,144
E08000032,2002,118
E08000032,2003,141
E08000032,2004,110
E08000032,2005,158
E08000032,2006,185
E08000032,2007,170
E08000032,2008,171
E08000032,2009,205
E08000032,2010,172
E08000032,2011,173
E08000032,2012,170
E08000032,2013,155
E08000032,2014,95
E08000032,2015,102
E08000032,2016,91
E08000032,2017,91
E08000032,2018,73
E08000032,2019,68
E08000032,2020,73
E08000032,2021,76
E08000032,2022,62
E08000032,2023,91
E08000032,2024,88
E08000033,2001,21
E08000033,2002,29
E08000033,2003,27
E08000033,2004,18
E08000033,2005,24
E08000033,2006,23
E08000033,2007,23
E08000033,2008,22
E08000033,2009,30
E08000033,2010,25
E08000033,2011,20
E08000033,2012,20
E08000033,2013,22
E08000033,2014,19
E08000033,2015,11
E08000033,2016,18
E08000033,2017,7
E08000033,2018,12
E08000033,2019,14
E08000033,2020,8
E08000033,2021,14
E08000033,2022,10
E08000033,2023,8
E08000033,2024,14
E08000034,2001,83
E08000034,2002,85
E08000034,2003,81
E08000034,2004,69
E08000034,2005,80
E08000034,2006,76
E08000034,2007,85
E08000034,2008,101
E08000034,2009,104
E08000034,2010,103
E08000034,2011,123
E08000034,2012,87
E08000034,2013,74
E08000034,2014,85
E08000034,2015,65
E08000034,2016,66
E08000034,2017,46
E08000034,2018,60
E08000034,2019,37
E08000034,2020,28
E08000034,2021,37
E08000034,2022,33
E08000034,2023,38
E08000034,2024,47
E08000035,2001,93
E08000035,2002,101
E08000035,2003,78
E08000035,2004,113
E08000035,2005,104
E08000035,2006,147
E08000035,2007,100
E08000035,2008,151
E08000035,2009,125
E08000035,2010,117
E08000035,2011,113
E08000035,2012,84
E08000035,2013,114
E08000035,2014,93
E08000035,2015,90
E08000035,2016,83
E08000035,2017,63
E08000035,2018,58
E08000035,2019,73
E08000035,2020,53
E08000035,2021,70
E08000035,2022,60
E08000035,2023,67
E08000035,2024,80
E08000036,2001,16
E08000036,2002,10
E08000036,2003,15
E08000036,2004,27
E08000036,2005,23
E08000036,2006,20
E08000036,2007,15
E08000036,2008,18
E08000036,2009,23
E08000036,2010,20
E08000036,2011,15
E08000036,2012,17
E08000036,2013,22
E08000036,2014,25
E08000036,2015,9
E08000036,2016,17
E08000036,2017,13
E08000036,2018,17
E08000036,2019,12
E08000036,2020,8
E08000036,2021,14
E08000036,2022,8
E08000036,2023,12
E08000036,2024,8
E08000037,2001,6
E08000037,2002,7
E08000037,2003,6
E08000037,2004,2
E08000037,2005,3
E08000037,2006,8
E08000037,2007,4
E08000037,2008,7
E08000037,2009,15
E08000037,2010,3
E08000037,2011,9
E08000037,2012,12
E08000037,2013,9
E08000037,2014,21
E08000037,2015,11
E08000037,2016,13
E08000037,2017,9
E08000037,2018,6
E08000037,2019,8
E08000037,2020,8
E08000037,2021,4
E08000037,2022,4
E08000037,2023,7
E08000037,2024,8
E09000002,2001,29
E09000002,2002,35
E09000002,2003,41
E09000002,2004,43
E09000002,2005,60
E09000002,2006,49
E09000002,2007,62
E09000002,2008,69
E09000002,2009,72
E09000002,2010,69
E09000002,2011,61
E09000002,2012,65
E09000002,2013,71
E09000002,2014,67
E09000002,2015,42
E09000002,2016,65
E09000002,2017,53
E09000002,2018,56
E09000002,2019,37
E09000002,2020,37
E09000002,2021,32
E09000002,2022,33
E09000002,2023,61
E09000002,2024,50
E09000003,2001,77
E09000003,2002,102
E09000003,2003,102
E09000003,2004,93
E09000003,2005,116
E09000003,2006,124
E09000003,2007,104
E09000003,2008,113
E09000003,2009,105
E09000003,2010,115
E09000003,2011,98
E09000003,2012,111
E09000003,2013,74
E09000003,2014,73
E09000003,2015,74
E09000003,2016,74
E09000003,2017,61
E09000003,2018,60
E09000003,2019,47
E09000003,2020,51
E09000003,2021,46
E09000003,2022,51
E09000003,2023,58
E09000003,2024,51
E09000004,2001,17
E09000004,2002,22
E09000004,2003,25
E09000004,2004,30
E09000004,2005,22
E09000004,2006,19
E09000004,2007,26
E09000004,2008,21
E09000004,2009,17
E09000004,2010,20
E09000004,2011,35
E09000004,2012,25
E09000004,2013,33
E09000004,2014,17
E09000004,2015,19
E09000004,2016,30
E09000004,2017,33
E09000004,2018,24
E09000004,2019,21
E09000004,2020,21
E09000004,2021,20
E09000004,2022,16
E09000004,2023,33
E09000004,2024,37
E09000005,2001,231
E09000005,2002,211
E09000005,2003,216
E09000005,2004,230
E09000005,2005,283
E09000005,2006,240
E09000005,2007,274
E09000005,2008,305
E09000005,2009,296
E09000005,2010,295
E09000005,2011,310
E09000005,2012,308
E09000005,2013,281
E09000005,2014,204
E09000005,2015,166
E09000005,2016,191
E09000005,2017,150
E09000005,2018,112
E09000005,2019,114
E09000005,2020,102
E09000005,2021,137
E09000005,2022,136
E09000005,2023,127
E09000005,2024,145
E09000006,2001,16
E09000006,2002,27
E09000006,2003,31
E09000006,2004,29
E09000006,2005,29
E09000006,2006,41
E09000006,2007,33
E09000006,2008,19
E09000006,2009,32
E09000006,2010,34
E09000006,2011,42
E09000006,2012,29
E09000006,2013,30
E09000006,2014,18
E09000006,2015,24
E09000006,2016,22
E09000006,2017,23
E09000006,2018,18
E09000006,2019,21
E09000006,2020,13
E09000006,2021,16
E09000006,2022,20
E09000006,2023,20
E09000006,2024,19
E09000007,2001,87
E09000007,2002,118
E09000007,2003,108
E09000007,2004,77
E09000007,2005,101
E09000007,2006,96
E09000007,2007,90
E09000007,2008,85
E09000007,2009,100
E09000007,2010,69
E09000007,2011,70
E09000007,2012,62
E09000007,2013,45
E09000007,2014,43
E09000007,2015,38
E09000007,2016,50
E09000007,2017,44
E09000007,2018,26
E09000007,2019,46
E09000007,2020,32
E09000007,2021,30
E09000007,2022,36
E09000007,2023,30
E09000007,2024,27
E09000008,2001,96
E09000008,2002,109
E09000008,2003,113
E09000008,2004,118
E09000008,2005,113
E09000008,2006,102
E09000008,2007,115
E09000008,2008,111
E09000008,2009,124
E09000008,2010,110
E09000008,2011,132
E09000008,2012,120
E09000008,2013,109
E09000008,2014,79
E09000008,2015,90
E09000008,2016,84
E09000008,2017,70
E09000008,2018,69
E09000008,2019,71
E09000008,2020,70
E09000008,2021,83
E09000008,2022,68
E09000008,2023,64
E09000008,2024,108
E09000009,2001,184
E09000009,2002,201
E09000009,2003,186
E09000009,2004,254
E09000009,2005,237
E09000009,2006,233
E09000009,2007,236
E09000009,2008,198
E09000009,2009,220
E09000009,2010,207
E09000009,2011,242
E09000009,2012,246
E09000009,2013,212
E09000009,2014,210
E09000009,2015,161
E09000009,2016,118
E09000009,2017,128
E09000009,2018,126
E09000009,2019,133
E09000009,2020,94
E09000009,2021,109
E09000009,2022,124
E09000009,2023,118
E09000009,2024,140
E09000010,2001,92
E09000010,2002,84
E09000010,2003,98
E09000010,2004,95
E09000010,2005,103
E09000010,2006,100
E09000010,2007,72
E09000010,2008,100
E09000010,2009,116
E09000010,2010,95
E09000010,2011,75
E09000010,2012,79
E09000010,2013,68
E09000010,2014,68
E09000010,2015,70
E09000010,2016,66
E09000010,2017,53
E09000010,2018,61
E09000010,2019,51
E09000010,2020,35
E09000010,2021,38
E09000010,2022,39
E09000010,2023,56
E09000010,2024,51
E09000011,2001,69
E09000011,2002,81
E09000011,2003,73
E09000011,2004,88
E09000011,2005,87
E09000011,2006,98
E09000011,2007,104
E09000011,2008,138
E09000011,2009,121
E09000011,2010,119
E09000011,2011,112
E09000011,2012,131
E09000011,2013,105
E09000011,2014,97
E09000011,2015,91
E09000011,2016,62
E09000011,2017,68
E09000011,2018,69
E09000011,2019,63
E09000011,2020,47
E09000011,2021,38
E09000011,2022,42
E09000011,2023,51
E09000011,2024,61
E09000012,2001,252
E09000012,2002,294
E09000012,2003,314
E09000012,2004,314
E09000012,2005,260
E09000012,2006,270
E09000012,2007,284
E09000012,2008,248
E09000012,2009,236
E09000012,2010,188
E09000012,2011,182
E09000012,2012,178
E09000012,2013,176
E09000012,2014,148
E09000012,2015,122
E09000012,2016,140
E09000012,2017,126
E09000012,2018,112
E09000012,2019,82
E09000012,2020,68
E09000012,2021,100
E09000012,2022,54
E09000012,2023,76
E09000012,2024,98
E09000013,2001,67
E09000013,2002,73
E09000013,2003,66
E09000013,2004,69
E09000013,2005,89
E09000013,2006,80
E09000013,2007,67
E09000013,2008,67
E09000013,2009,73
E09000013,2010,53
E09000013,2011,68
E09000013,2012,46
E09000013,2013,48
E09000013,2014,36
E09000013,2015,40
E09000013,2016,34
E09000013,2017,34
E09000013,2018,20
E09000013,2019,19
E09000013,2020,19
E09000013,2021,24
E09000013,2022,23
E09000013,2023,33
E09000013,2024,31
E09000014,2001,145
E09000014,2002,140
E09000014,2003,128
E09000014,2004,150
E09000014,2005,130
E09000014,2006,155
E09000014,2007,93
E09000014,2008,104
E09000014,2009,132
E09000014,2010,100
E09000014,2011,134
E09000014,2012,100
E09000014,2013,86
E09000014,2014,76
E09000014,2015,64
E09000014,2016,73
E09000014,2017,59
E09000014,2018,45
E09000014,2019,43
E09000014,2020,37
E09000014,2021,38
E09000014,2022,36
E09000014,2023,44
E09000014,2024,45
E09000015,2001,94
E09000015,2002,117
E09000015,2003,115
E09000015,2004,99
E09000015,2005,132
E09000015,2006,123
E09000015,2007,122
E09000015,2008,125
E09000015,2009,135
E09000015,2010,138
E09000015,2011,153
E09000015,2012,184
E09000015,2013,151
E09000015,2014,111
E09000015,2015,83
E09000015,2016,92
E09000015,2017,82
E09000015,2018,61
E09000015,2019,66
E09000015,2020,94
E09000015,2021,76
E09000015,2022,76
E09000015,2023,91
E09000015,2024,113
E09000016,2001,16
E09000016,2002,20
E09000016,2003,13
E09000016,2004,12
E09000016,2005,30
E09000016,2006,23
E09000016,2007,16
E09000016,2008,20
E09000016,2009,30
E09000016,2010,13
E09000016,2011,18
E09000016,2012,27
E09000016,2013,28
E09000016,2014,24
E09000016,2015,23
E09000016,2016,25
E09000016,2017,30
E09000016,2018,25
E09000016,2019,15
E09000016,2020,11
E09000016,2021,14
E09000016,2022,17
E09000016,2023,25
E09000016,2024,24
E09000017,2001,88
E09000017,2002,106
E09000017,2003,115
E09000017,2004,117
E09000017,2005,137
E09000017,2006,124
E09000017,2007,124
E09000017,2008,151
E09000017,2009,121
E09000017,2010,125
E09000017,2011,131
E09000017,2012,139
E09000017,2013,101
E09000017,2014,122
E09000017,2015,98
E09000017,2016,87
E09000017,2017,66
E09000017,2018,74
E09000017,2019,74
E09000017,2020,56
E09000017,2021,68
E09000017,2022,72
E09000017,2023,64
E09000017,2024,99
E09000018,2001,121
E09000018,2002,119
E09000018,2003,102
E09000018,2004,115
E09000018,2005,167
E09000018,2006,134
E09000018,2007,134
E09000018,2008,134
E09000018,2009,170
E09000018,2010,198
E09000018,2011,181
E09000018,2012,190
E09000018,2013,162
E09000018,2014,152
E09000018,2015,112
E09000018,2016,119
E09000018,2017,89
E09000018,2018,71
E09000018,2019,92
E09000018,2020,92
E09000018,2021,66
E09000018,2022,91
E09000018,2023,84
E09000018,2024,103
E09000019,2001,78
E09000019,2002,105
E09000019,2003,94
E09000019,2004,86
E09000019,2005,86
E09000019,2006,96
E09000019,2007,93
E09000019,2008,93
E09000019,2009,91
E09000019,2010,63
E09000019,2011,82
E09000019,2012,69
E09000019,2013,63
E09000019,2014,59
E09000019,2015,48
E09000019,2016,42
E09000019,2017,43
E09000019,2018,29
E09000019,2019,31
E09000019,2020,22
E09000019,2021,35
E09000019,2022,28
E09000019,2023,31
E09000019,2024,27
E09000020,2001,40
E09000020,2002,34
E09000020,2003,51
E09000020,2004,48
E09000020,2005,47
E09000020,2006,53
E09000020,2007,32
E09000020,2008,52
E09000020,2009,50
E09000020,2010,36
E09000020,2011,47
E09000020,2012,33
E09000020,2013,35
E09000020,2014,36
E09000020,2015,21
E09000020,2016,22
E09000020,2017,28
E09000020,2018,22
E09000020,2019,15
E09000020,2020,18
E09000020,2021,14
E09000020,2022,20
E09000020,2023,16
E09000020,2024,9
E09000021,2001,14
E09000021,2002,20
E09000021,2003,20
E09000021,2004,22
E09000021,2005,28
E09000021,2006,25
E09000021,2007,29
E09000021,2008,29
E09000021,2009,31
E09000021,2010,37
E09000021,2011,30
E09000021,2012,28
E09000021,2013,25
E09000021,2014,26
E09000021,2015,21
E09000021,2016,11
E09000021,2017,5
E09000021,2018,18
E09000021,2019,14
E09000021,2020,15
E09000021,2021,19
E09000021,2022,7
E09000021,2023,18
E09000021,2024,17
E09000022,2001,125
E09000022,2002,158
E09000022,2003,156
E09000022,2004,126
E09000022,2005,144
E09000022,2006,134
E09000022,2007,104
E09000022,2008,126
E09000022,2009,117
E09000022,2010,114
E09000022,2011,97
E09000022,2012,98
E09000022,2013,76
E09000022,2014,77
E09000022,2015,62
E09000022,2016,57
E09000022,2017,48
E09000022,2018,52
E09000022,2019,47
E09000022,2020,51
E09000022,2021,48
E09000022,2022,48
E09000022,2023,46
E09000022,2024,47
E09000023,2001,68
E09000023,2002,96
E09000023,2003,80
E09000023,2004,77
E09000023,2005,98
E09000023,2006,84
E09000023,2007,100
E09000023,2008,82
E09000023,2009,73
E09000023,2010,73
E09000023,2011,106
E09000023,2012,85
E09000023,2013,70
E09000023,2014,69
E09000023,2015,63
E09000023,2016,63
E09000023,2017,48
E09000023,2018,54
E09000023,2019,47
E09000023,2020,42
E09000023,2021,27
E09000023,2022,39
E09000023,2023,33
E09000023,2024,39
E09000024,2001,31
E09000024,2002,55
E09000024,2003,41
E09000024,2004,62
E09000024,2005,61
E09000024,2006,66
E09000024,2007,57
E09000024,2008,63
E09000024,2009,61
E09000024,2010,54
E09000024,2011,64
E09000024,2012,72
E09000024,2013,60
E09000024,2014,47
E09000024,2015,51
E09000024,2016,47
E09000024,2017,35
E09000024,2018,26
E09000024,2019,32
E09000024,2020,27
E09000024,2021,28
E09000024,2022,25
E09000024,2023,31
E09000024,2024,32
E09000025,2001,203
E09000025,2002,219
E09000025,2003,245
E09000025,2004,241
E09000025,2005,256
E09000025,2006,261
E09000025,2007,277
E09000025,2008,283
E09000025,2009,309
E09000025,2010,301
E09000025,2011,370
E09000025,2012,367
E09000025,2013,335
E09000025,2014,252
E09000025,2015,248
E09000025,2016,188
E09000025,2017,162
E09000025,2018,161
E09000025,2019,156
E09000025,2020,140
E09000025,2021,144
E09000025,2022,149
E09000025,2023,142
E09000025,2024,164
E09000026,2001,83
E09000026,2002,92
E09000026,2003,111
E09000026,2004,109
E09000026,2005,120
E09000026,2006,144
E09000026,2007,135
E09000026,2008,162
E09000026,2009,147
E09000026,2010,137
E09000026,2011,161
E09000026,2012,154
E09000026,2013,150
E09000026,2014,131
E09000026,2015,113
E09000026,2016,124
E09000026,2017,107
E09000026,2018,91
E09000026,2019,88
E09000026,2020,80
E09000026,2021,88
E09000026,2022,81
E09000026,2023,92
E09000026,2024,111
E09000027,2001,11
E09000027,2002,16
E09000027,2003,11
E09000027,2004,12
E09000027,2005,19
E09000027,2006,20
E09000027,2007,14
E09000027,2008,13
E09000027,2009,20
E09000027,2010,16
E09000027,2011,16
E09000027,2012,13
E09000027,2013,12
E09000027,2014,9
E09000027,2015,14
E09000027,2016,11
E09000027,2017,10
E09000027,2018,14
E09000027,2019,14
E09000027,2020,5
E09000027,2021,14
E09000027,2022,9
E09000027,2023,8
E09000027,2024,10
E09000028,2001,95
E09000028,2002,106
E09000028,2003,100
E09000028,2004,132
E09000028,2005,136
E09000028,2006,125
E09000028,2007,104
E09000028,2008,117
E09000028,2009,95
E09000028,2010,95
E09000028,2011,118
E09000028,2012,115
E09000028,2013,92
E09000028,2014,76
E09000028,2015,80
E09000028,2016,79
E09000028,2017,70
E09000028,2018,44
E09000028,2019,49
E09000028,2020,43
E09000028,2021,45
E09000028,2022,49
E09000028,2023,37
E09000028,2024,56
E09000029,2001,17
E09000029,2002,32
E09000029,2003,31
E09000029,2004,24
E09000029,2005,25
E09000029,2006,28
E09000029,2007,32
E09000029,2008,18
E09000029,2009,30
E09000029,2010,33
E09000029,2011,32
E09000029,2012,29
E09000029,2013,25
E09000029,2014,24
E09000029,2015,22
E09000029,2016,26
E09000029,2017,14
E09000029,2018,24
E09000029,2019,30
E09000029,2020,18
E09000029,2021,24
E09000029,2022,22
E09000029,2023,24
E09000029,2024,16
E09000030,2001,64
E09000030,2002,126
E09000030,2003,149
E09000030,2004,118
E09000030,2005,128
E09000030,2006,132
E09000030,2007,153
E09000030,2008,132
E09000030,2009,139
E09000030,2010,153
E09000030,2011,140
E09000030,2012,120
E09000030,2013,100
E09000030,2014,94
E09000030,2015,82
E09000030,2016,90
E09000030,2017,67
E09000030,2018,61
E09000030,2019,71
E09000030,2020,53
E09000030,2021,65
E09000030,2022,72
E09000030,2023,59
E09000030,2024,68
E09000031,2001,66
E09000031,2002,106
E09000031,2003,100
E09000031,2004,99
E09000031,2005,114
E09000031,2006,120
E09000031,2007,91
E09000031,2008,129
E09000031,2009,92
E09000031,2010,114
E09000031,2011,122
E09000031,2012,124
E09000031,2013,119
E09000031,2014,86
E09000031,2015,99
E09000031,2016,85
E09000031,2017,80
E09000031,2018,47
E09000031,2019,44
E09000031,2020,53
E09000031,2021,57
E09000031,2022,52
E09000031,2023,54
E09000031,2024,51
E09000032,2001,49
E09000032,2002,100
E09000032,2003,96
E09000032,2004,94
E09000032,2005,125
E09000032,2006,81
E09000032,2007,115
E09000032,2008,110
E09000032,2009,84
E09000032,2010,100
E09000032,2011,87
E09000032,2012,92
E09000032,2013,63
E09000032,2014,48
E09000032,2015,63
E09000032,2016,52
E09000032,2017,48
E09000032,2018,46
E09000032,2019,45
E09000032,2020,25
E09000032,2021,38
E09000032,2022,31
E09000032,2023,39
E09000032,2024,42
E09000033,2001,77
E09000033,2002,77
E09000033,2003,91
E09000033,2004,84
E09000033,2005,95
E09000033,2006,84
E09000033,2007,85
E09000033,2008,69
E09000033,2009,81
E09000033,2010,62
E09000033,2011,67
E09000033,2012,53
E09000033,2013,59
E09000033,2014,52
E09000033,2015,37
E09000033,2016,41
E09000033,2017,37
E09000033,2018,31
E09000033,2019,32
E09000033,2020,24
E09000033,2021,32
E09000033,2022,33
E09000033,2023,24
E09000033,2024,34
E10000003,2001,21
E10000003,2002,23
E10000003,2003,19
E10000003,2004,27
E10000003,2005,37
E10000003,2006,41
E10000003,2007,29
E10000003,2008,49
E10000003,2009,39
E10000003,2010,29
E10000003,2011,38
E10000003,2012,37
E10000003,2013,44
E10000003,2014,39
E10000003,2015,32
E10000003,2016,38
E10000003,2017,39
E10000003,2018,39
E10000003,2019,52
E10000003,2020,45
E10000003,2021,33
E10000003,2022,42
E10000003,2023,36
E10000003,2024,63
E10000007,2001,36
E10000007,2002,29
E10000007,2003,30
E10000007,2004,25
E10000007,2005,28
E10000007,2006,43
E10000007,2007,30
E10000007,2008,28
E10000007,2009,32
E10000007,2010,15
E10000007,2011,36
E10000007,2012,32
E10000007,2013,22
E10000007,2014,28
E10000007,2015,18
E10000007,2016,9
E10000007,2017,10
E10000007,2018,7
E10000007,2019,10
E10000007,2020,15
E10000007,2021,10
E10000007,2022,23
E10000007,2023,29
E10000007,2024,14
E10000008,2001,28
E10000008,2002,13
E10000008,2003,13
E10000008,2004,21
E10000008,2005,17
E10000008,2006,17
E10000008,2007,20
E10000008,2008,25
E10000008,2009,25
E10000008,2010,20
E10000008,2011,26
E10000008,2012,30
E10000008,2013,27
E10000008,2014,29
E10000008,2015,33
E10000008,2016,20
E10000008,2017,19
E10000008,2018,22
E10000008,2019,20
E10000008,2020,13
E10000008,2021,12
E10000008,2022,10
E10000008,2023,11
E10000008,2024,25
E10000011,2001,28
E10000011,2002,25
E10000011,2003,13
E10000011,2004,20
E10000011,2005,15
E10000011,2006,16
E10000011,2007,11
E10000011,2008,17
E10000011,2009,27
E10000011,2010,21
E10000011,2011,25
E10000011,2012,34
E10000011,2013,20
E10000011,2014,25
E10000011,2015,23
E10000011,2016,20
E10000011,2017,15
E10000011,2018,11
E10000011,2019,14
E10000011,2020,17
E10000011,2021,8
E10000011,2022,11
E10000011,2023,16
E10000011,2024,25
E10000012,2001,52
E10000012,2002,60
E10000012,2003,45
E10000012,2004,55
E10000012,2005,43
E10000012,2006,68
E10000012,2007,50
E10000012,2008,54
E10000012,2009,67
E10000012,2010,63
E10000012,2011,82
E10000012,2012,60
E10000012,2013,70
E10000012,2014,66
E10000012,2015,45
E10000012,2016,68
E10000012,2017,65
E10000012,2018,37
E10000012,2019,59
E10000012,2020,55
E10000012,2021,42
E10000012,2022,44
E10000012,2023,49
E10000012,2024,70
E10000013,2001,18
E10000013,2002,20
E10000013,2003,23
E10000013,2004,24
E10000013,2005,23
E10000013,2006,37
E10000013,2007,30
E10000013,2008,35
E10000013,2009,24
E10000013,2010,17
E10000013,2011,30
E10000013,2012,29
E10000013,2013,48
E10000013,2014,26
E10000013,2015,29
E10000013,2016,16
E10000013,2017,20
E10000013,2018,18
E10000013,2019,26
E10000013,2020,21
E10000013,2021,19
E10000013,2022,13
E10000013,2023,24
E10000013,2024,31
E10000014,2001,30
E10000014,2002,41
E10000014,2003,42
E10000014,2004,51
E10000014,2005,38
E10000014,2006,47
E10000014,2007,54
E10000014,2008,37
E10000014,2009,66
E10000014,2010,67
E10000014,2011,79
E10000014,2012,67
E10000014,2013,53
E10000014,2014,44
E10000014,2015,58
E10000014,2016,59
E10000014,2017,58
E10000014,2018,63
E10000014,2019,64
E10000014,2020,50
E10000014,2021,58
E10000014,2022,36
E10000014,2023,40
E10000014,2024,58
E10000015,2001,54
E10000015,2002,59
E10000015,2003,48
E10000015,2004,65
E10000015,2005,102
E10000015,2006,99
E10000015,2007,56
E10000015,2008,79
E10000015,2009,84
E10000015,2010,96
E10000015,2011,110
E10000015,2012,80
E10000015,2013,73
E10000015,2014,80
E10000015,2015,82
E10000015,2016,99
E10000015,2017,74
E10000015,2018,66
E10000015,2019,77
E10000015,2020,67
E10000015,2021,61
E10000015,2022,72
E10000015,2023,71
E10000015,2024,77
E10000016,2001,37
E10000016,2002,66
E10000016,2003,65
E10000016,2004,60
E10000016,2005,65
E10000016,2006,86
E10000016,2007,86
E10000016,2008,129
E10000016,2009,111
E10000016,2010,104
E10000016,2011,112
E10000016,2012,115
E10000016,2013,107
E10000016,2014,101
E10000016,2015,90
E10000016,2016,92
E10000016,2017,95
E10000016,2018,91
E10000016,2019,73
E10000016,2020,63
E10000016,2021,70
E10000016,2022,76
E10000016,2023,84
E10000016,2024,89
E10000017,2001,106
E10000017,2002,132
E10000017,2003,94
E10000017,2004,99
E10000017,2005,120
E10000017,2006,99
E10000017,2007,111
E10000017,2008,95
E10000017,2009,100
E10000017,2010,96
E10000017,2011,128
E10000017,2012,106
E10000017,2013,98
E10000017,2014,69
E10000017,2015,56
E10000017,2016,69
E10000017,2017,71
E10000017,2018,78
E10000017,2019,64
E10000017,2020,60
E10000017,2021,81
E10000017,2022,65
E10000017,2023,74
E10000017,2024,69
E10000018,2001,49
E10000018,2002,42
E10000018,2003,31
E10000018,2004,36
E10000018,2005,42
E10000018,2006,53
E10000018,2007,50
E10000018,2008,40
E10000018,2009,49
E10000018,2010,40
E10000018,2011,32
E10000018,2012,35
E10000018,2013,36
E10000018,2014,23
E10000018,2015,22
E10000018,2016,22
E10000018,2017,32
E10000018,2018,25
E10000018,2019,35
E10000018,2020,31
E10000018,2021,25
E10000018,2022,32
E10000018,2023,32
E10000018,2024,39
E10000019,2001,6
E10000019,2002,14
E10000019,2003,14
E10000019,2004,18
E10000019,2005,13
E10000019,2006,25
E10000019,2007,16
E10000019,2008,19
E10000019,2009,20
E10000019,2010,21
E10000019,2011,23
E10000019,2012,31
E10000019,2013,26
E10000019,2014,34
E10000019,2015,36
E10000019,2016,30
E10000019,2017,28
E10000019,2018,26
E10000019,2019,21
E10000019,2020,25
E10000019,2021,15
E10000019,2022,33
E10000019,2023,28
E10000019,2024,34
E10000020,2001,17
E10000020,2002,22
E10000020,2003,32
E10000020,2004,30
E10000020,2005,43
E10000020,2006,40
E10000020,2007,43
E10000020,2008,56
E10000020,2009,45
E10000020,2010,29
E10000020,2011,42
E10000020,2012,34
E10000020,2013,31
E10000020,2014,32
E10000020,2015,40
E10000020,2016,37
E10000020,2017,27
E10000020,2018,36
E10000020,2019,42
E10000020,2020,40
E10000020,2021,38
E10000020,2022,34
E10000020,2023,50
E10000020,2024,35
E10000024,2001,23
E10000024,2002,20
E10000024,2003,31
E10000024,2004,21
E10000024,2005,22
E10000024,2006,29
E10000024,2007,36
E10000024,2008,19
E10000024,2009,36
E10000024,2010,33
E10000024,2011,25
E10000024,2012,38
E10000024,2013,31
E10000024,2014,38
E10000024,2015,18
E10000024,2016,23
E10000024,2017,32
E10000024,2018,20
E10000024,2019,12
E10000024,2020,15
E10000024,2021,14
E10000024,2022,26
E10000024,2023,27
E10000024,2024,29
E10000025,2001,33
E10000025,2002,26
E10000025,2003,43
E10000025,2004,63
E10000025,2005,61
E10000025,2006,51
E10000025,2007,76
E10000025,2008,53
E10000025,2009,56
E10000025,2010,60
E10000025,2011,71
E10000025,2012,71
E10000025,2013,64
E10000025,2014,74
E10000025,2015,50
E10000025,2016,38
E10000025,2017,40
E10000025,2018,40
E10000025,2019,48
E10000025,2020,41
E10000025,2021,53
E10000025,2022,54
E10000025,2023,56
E10000025,2024,53
E10000028,2001,21
E10000028,2002,15
E10000028,2003,29
E10000028,2004,26
E10000028,2005,23
E10000028,2006,25
E10000028,2007,19
E10000028,2008,31
E10000028,2009,41
E10000028,2010,45
E10000028,2011,30
E10000028,2012,35
E10000028,2013,38
E10000028,2014,26
E10000028,2015,43
E10000028,2016,35
E10000028,2017,31
E10000028,2018,28
E10000028,2019,41
E10000028,2020,29
E10000028,2021,28
E10000028,2022,36
E10000028,2023,36
E10000028,2024,40
E10000029,2001,20
E10000029,2002,19
E10000029,2003,19
E10000029,2004,29
E10000029,2005,31
E10000029,2006,14
E10000029,2007,33
E10000029,2008,39
E10000029,2009,44
E10000029,2010,31
E10000029,2011,29
E10000029,2012,33
E10000029,2013,25
E10000029,2014,32
E10000029,2015,28
E10000029,2016,30
E10000029,2017,19
E10000029,2018,20
E10000029,2019,21
E10000029,2020,26
E10000029,2021,19
E10000029,2022,30
E10000029,2023,33
E10000029,2024,31
E10000030,2001,31
E10000030,2002,28
E10000030,2003,60
E10000030,2004,62
E10000030,2005,64
E10000030,2006,78
E10000030,2007,57
E10000030,2008,72
E10000030,2009,88
E10000030,2010,86
E10000030,2011,100
E10000030,2012,98
E10000030,2013,57
E10000030,2014,77
E10000030,2015,68
E10000030,2016,62
E10000030,2017,61
E10000030,2018,43
E10000030,2019,47
E10000030,2020,45
E10000030,2021,65
E10000030,2022,57
E10000030,2023,57
E10000030,2024,62
E10000031,2001,32
E10000031,2002,40
E10000031,2003,33
E10000031,2004,45
E10000031,2005,41
E10000031,2006,28
E10000031,2007,47
E10000031,2008,59
E10000031,2009,49
E10000031,2010,48
E10000031,2011,45
E10000031,2012,53
E10000031,2013,44
E10000031,2014,54
E10000031,2015,25
E10000031,2016,28
E10000031,2017,41
E10000031,2018,22
E10000031,2019,21
E10000031,2020,40
E10000031,2021,24
E10000031,2022,18
E10000031,2023,32
E10000031,2024,25
E10000032,2001,34
E10000032,2002,39
E10000032,2003,44
E10000032,2004,52
E10000032,2005,38
E10000032,2006,63
E10000032,2007,58
E10000032,2008,38
E10000032,2009,49
E10000032,2010,51
E10000032,2011,77
E10000032,2012,46
E10000032,2013,66
E10000032,2014,41
E10000032,2015,38
E10000032,2016,42
E10000032,2017,33
E10000032,2018,30
E10000032,2019,33
E10000032,2020,31
E10000032,2021,39
E10000032,2022,37
E10000032,2023,35
E10000032,2024,49
E10000034,2001,15
E10000034,2002,18
E10000034,2003,12
E10000034,2004,26
E10000034,2005,30
E10000034,2006,16
E10000034,2007,10
E10000034,2008,21
E10000034,2009,21
E10000034,2010,19
E10000034,2011,21
E10000034,2012,39
E10000034,2013,35
E10000034,2014,23
E10000034,2015,20
E10000034,2016,19
E10000034,2017,16
E10000034,2018,27
E10000034,2019,12
E10000034,2020,15
E10000034,2021,15
E10000034,2022,15
E10000034,2023,19
E10000034,2024,29
