outcome,exposure,model,lag_years,n_obs,years,irr_per_10pct,ci_low,ci_high,p_cluster_t8,p_randomisation,analysis,mde_pct_10pct
"TB, UK born",rate_oral_glucocorticoids,FE + migration + age,1,117,2012-2024,1.1880620296666493,0.8732498354945928,1.6163660489397007,0.2328274465243369,0.254,lagged exposure,53.19261632991687
"TB, UK born",rate_oral_glucocorticoids,FE + migration + age,2,108,2013-2024,1.2024914370408035,0.8032524001026844,1.8001635052339822,0.322729119932372,0.386,lagged exposure,74.89419925400036
"TB, UK born",rate_oral_glucocorticoids,FE + migration + age,3,99,2014-2024,1.0962185761099876,0.6701124007294237,1.7932740317901177,0.6782476966346275,0.714,lagged exposure,97.76205964529996
"TB, UK born",rate_oral_glucocorticoids,FE + migration + age,1,99,2012-2024,1.1894295577098988,0.865425967690599,1.6347356395246906,0.2438902009418006,0.28,"lagged, excluding 2020-21",55.36216048608979
"TB, UK born",rate_oral_glucocorticoids,FE + migration + age,2,90,2013-2024,1.2028400844362483,0.8028452471618881,1.8021209863809025,0.3229117586847697,0.372,"lagged, excluding 2020-21",75.08740398724751
"TB, UK born",rate_oral_glucocorticoids,FE + migration + age,3,81,2014-2024,1.0930366173168262,0.6703791286631029,1.7821692169593444,0.6858032846955763,0.714,"lagged, excluding 2020-21",96.85862560498886
"TB, UK born",rate_oral_glucocorticoids,FE + migration + age,-1,108,2012-2023,1.1990583751641612,0.781888175362101,1.8388064078159063,0.3562284012581649,0.374,lead (falsification),80.83201481691123
"TB, UK born",rate_oral_glucocorticoids,FE + migration + age,-2,99,2012-2022,1.0904105536546205,0.6675100870435455,1.7812392630462388,0.694885164228965,0.686,lead (falsification),97.37300014689878
"TB, UK born",rate_oral_glucocorticoids,FE + migration + age,-3,90,2012-2021,1.0924771670508089,0.8271127249717973,1.4429790819238772,0.4844907095638159,0.536,lead (falsification),47.038311707936195
"TB, UK born",rate_mg_pred_equivalent,FE + migration + age,1,117,2012-2024,1.2506586309945762,0.950689668500876,1.645276122278367,0.0967874295384912,0.122,lagged exposure,46.22081045601234
"TB, UK born",rate_mg_pred_equivalent,FE + migration + age,2,108,2013-2024,1.3304536543335972,0.9623322968517208,1.8393926215721372,0.0765406021805908,0.162,lagged exposure,56.639108288606366
"TB, UK born",rate_mg_pred_equivalent,FE + migration + age,3,99,2014-2024,1.3312660306490962,0.936507129940075,1.89242472128707,0.0975140734194534,0.238,lagged exposure,62.792864270169055
"TB, UK born",rate_mg_pred_equivalent,FE + migration + age,1,99,2012-2024,1.2711202048914052,0.9388768207712568,1.7209356323824088,0.1052884419206734,0.114,"lagged, excluding 2020-21",52.15878856247655
"TB, UK born",rate_mg_pred_equivalent,FE + migration + age,2,90,2013-2024,1.3192562464127005,0.9687122402585931,1.7966502036087897,0.0723786839659827,0.14,"lagged, excluding 2020-21",53.4047492567435
"TB, UK born",rate_mg_pred_equivalent,FE + migration + age,3,81,2014-2024,1.2954941181491182,0.9060372719915653,1.8523575817911668,0.1335414619810957,0.286,"lagged, excluding 2020-21",64.11503989833638
"TB, UK born",rate_mg_pred_equivalent,FE + migration + age,-1,108,2012-2023,1.1663777260909012,0.8512611834926905,1.5981428805894369,0.292453944701021,0.274,lead (falsification),54.70317650318685
"TB, UK born",rate_mg_pred_equivalent,FE + migration + age,-2,99,2012-2022,0.9130859945175628,0.7029047290655793,1.186115271257966,0.4460047249928381,0.436,lead (falsification),43.68458666953112
"TB, UK born",rate_mg_pred_equivalent,FE + migration + age,-3,90,2012-2021,0.919670397103507,0.8230543641020233,1.0276279140215825,0.1200827351713453,0.084,lead (falsification),16.6231148551794
"TB, UK born",rate_levothyroxine,FE + migration + age,1,117,2012-2024,0.9564023535014928,0.8503834915626172,1.075638780454666,0.4071238208723405,0.518,lagged exposure,17.6778177479189
"TB, UK born",rate_levothyroxine,FE + migration + age,2,108,2013-2024,0.910535350484998,0.8018697266047253,1.0339268299768638,0.1274352821685093,0.246,lagged exposure,19.252665760600472
"TB, UK born",rate_levothyroxine,FE + migration + age,3,99,2014-2024,0.8979914534321443,0.7719705356937628,1.0445847518163125,0.1394653724663051,0.258,lagged exposure,23.306421911499122
"TB, UK born",rate_levothyroxine,FE + migration + age,1,99,2012-2024,0.9496800608019416,0.8386420991172309,1.0754196800209843,0.3663422340632322,0.478,"lagged, excluding 2020-21",18.79992221125699
"TB, UK born",rate_levothyroxine,FE + migration + age,2,90,2013-2024,0.9112803473441956,0.7958099504381444,1.0435052627810848,0.1524858058490316,0.288,"lagged, excluding 2020-21",20.649231813034994
"TB, UK born",rate_levothyroxine,FE + migration + age,3,81,2014-2024,0.8953989865029779,0.7616417695578737,1.05264624010309,0.1539659403992908,0.282,"lagged, excluding 2020-21",25.127002459346603
"TB, UK born",rate_levothyroxine,FE + migration + age,-1,108,2012-2023,0.9335467100412986,0.8108853369821087,1.074762879635301,0.2929280397355089,0.428,lead (falsification),21.550904581280726
"TB, UK born",rate_levothyroxine,FE + migration + age,-2,99,2012-2022,0.965122284856726,0.8170146410086515,1.14007874274704,0.6363486093191744,0.71,lead (falsification),25.962722689964956
"TB, UK born",rate_levothyroxine,FE + migration + age,-3,90,2012-2021,0.9608952604994416,0.8020580767820268,1.151188085225427,0.6244243622765303,0.72,lead (falsification),28.44522252417199
"TB, Non-UK born",rate_oral_glucocorticoids,FE + migration + age,1,117,2012-2024,0.9494268688539124,0.7189960608437229,1.253708369756521,0.6782099346470323,0.716,lagged exposure,46.985475467289504
"TB, Non-UK born",rate_oral_glucocorticoids,FE + migration + age,2,108,2013-2024,0.9979203095349362,0.8125212053941149,1.2256233284388762,0.981936944559661,0.974,lagged exposure,32.943903796326744
"TB, Non-UK born",rate_oral_glucocorticoids,FE + migration + age,3,99,2014-2024,1.034698928852949,0.8340492528943652,1.2836194860845165,0.7246566859630544,0.766,lagged exposure,34.80644348341349
"TB, Non-UK born",rate_oral_glucocorticoids,FE + migration + age,1,99,2012-2024,0.975449459901261,0.7230558577093027,1.3159448729674816,0.8529485090317193,0.874,"lagged, excluding 2020-21",51.410635548774366
"TB, Non-UK born",rate_oral_glucocorticoids,FE + migration + age,2,90,2013-2024,1.0251863132317636,0.8362336166031737,1.256834162093343,0.7854248152050372,0.812,"lagged, excluding 2020-21",32.61097790208301
"TB, Non-UK born",rate_oral_glucocorticoids,FE + migration + age,3,81,2014-2024,1.0638990849771992,0.8591219904159421,1.3174860795581822,0.5228582848773754,0.6,"lagged, excluding 2020-21",34.472833414504755
"TB, Non-UK born",rate_oral_glucocorticoids,FE + migration + age,-1,108,2012-2023,1.1255345697836032,0.8770492918218091,1.4444206039394911,0.3061204204523246,0.358,lead (falsification),41.284457585763825
"TB, Non-UK born",rate_oral_glucocorticoids,FE + migration + age,-2,99,2012-2022,1.329543681851295,1.0020601622255374,1.7640521683096682,0.0487070471688767,0.07,lead (falsification),47.96112109424418
"TB, Non-UK born",rate_oral_glucocorticoids,FE + migration + age,-3,90,2012-2021,1.4900943839211491,1.174030357240995,1.8912468994509728,0.0048228392026769,0.012,lead (falsification),39.137312757215724
"TB, Non-UK born",rate_mg_pred_equivalent,FE + migration + age,1,117,2012-2024,0.9870323576106071,0.770877798564729,1.263796773994846,0.906081975644137,0.934,lagged exposure,40.83940554841088
"TB, Non-UK born",rate_mg_pred_equivalent,FE + migration + age,2,108,2013-2024,1.0751418284385104,0.9107617522858892,1.26919026667169,0.3434509700706605,0.544,lagged exposure,25.845628482529758
"TB, Non-UK born",rate_mg_pred_equivalent,FE + migration + age,3,99,2014-2024,1.1087014387713952,0.943331558872911,1.303061334874058,0.1789291391277677,0.384,lagged exposure,25.08086722502394
"TB, Non-UK born",rate_mg_pred_equivalent,FE + migration + age,1,99,2012-2024,1.017526714273519,0.7789968295519296,1.3290947728963047,0.8844828937558009,0.918,"lagged, excluding 2020-21",44.78656276927326
"TB, Non-UK born",rate_mg_pred_equivalent,FE + migration + age,2,90,2013-2024,1.0748200018070035,0.9165489449798698,1.2604215438923227,0.3267744962421796,0.542,"lagged, excluding 2020-21",24.69434140004958
"TB, Non-UK born",rate_mg_pred_equivalent,FE + migration + age,3,81,2014-2024,1.1299201413468811,0.943077430700555,1.3537801714467483,0.1577753842697882,0.378,"lagged, excluding 2020-21",28.457583066269954
"TB, Non-UK born",rate_mg_pred_equivalent,FE + migration + age,-1,108,2012-2023,1.1521087415082905,0.9075201439449636,1.4626171783800253,0.2084171700105906,0.332,lead (falsification),39.182926496159865
"TB, Non-UK born",rate_mg_pred_equivalent,FE + migration + age,-2,99,2012-2022,1.3093082469071575,0.9365961457957932,1.8303386076423829,0.1006837839942916,0.168,lead (falsification),59.063676756589615
"TB, Non-UK born",rate_mg_pred_equivalent,FE + migration + age,-3,90,2012-2021,1.2852255868234643,1.0321216985741366,1.6003973284426307,0.0297855924462779,0.04,lead (falsification),35.50759358549775
"TB, Non-UK born",rate_levothyroxine,FE + migration + age,1,117,2012-2024,1.0220069144750004,0.9032619282381694,1.1563624022901366,0.6950869703061079,0.778,lagged exposure,18.66336285134762
"TB, Non-UK born",rate_levothyroxine,FE + migration + age,2,108,2013-2024,1.0189949774660223,0.8843864198326798,1.174091710157002,0.7672184523488864,0.854,lagged exposure,21.688007933490063
"TB, Non-UK born",rate_levothyroxine,FE + migration + age,3,99,2014-2024,1.0134827270445603,0.8781895494781476,1.169619063023521,0.8347414188087782,0.866,lagged exposure,21.959318287486298
"TB, Non-UK born",rate_levothyroxine,FE + migration + age,1,99,2012-2024,1.0239324150650666,0.9006901834765226,1.16403798981596,0.6818499858085177,0.798,"lagged, excluding 2020-21",19.444127962740442
"TB, Non-UK born",rate_levothyroxine,FE + migration + age,2,90,2013-2024,1.0188124065565891,0.8835728011741651,1.1747517786585056,0.7705199234589527,0.844,"lagged, excluding 2020-21",21.813038059907242
"TB, Non-UK born",rate_levothyroxine,FE + migration + age,3,81,2014-2024,1.0136500427994728,0.8767439719702019,1.1719343869093568,0.8347933549536013,0.86,"lagged, excluding 2020-21",22.265965999426427
"TB, Non-UK born",rate_levothyroxine,FE + migration + age,-1,108,2012-2023,0.9956308433156672,0.8586740209674645,1.154432010234332,0.9472760138993755,0.964,lead (falsification),22.756364503005067
"TB, Non-UK born",rate_levothyroxine,FE + migration + age,-2,99,2012-2022,1.0127831929591675,0.8808092613590449,1.1645311203448478,0.8390694437230959,0.878,lead (falsification),21.340919761524944
"TB, Non-UK born",rate_levothyroxine,FE + migration + age,-3,90,2012-2021,1.0953286510243956,0.9142940881062096,1.3122089154486067,0.2786253572078691,0.476,lead (falsification),28.44042904680364
"TB, UK born aged 65+",rate_oral_glucocorticoids,FE + migration + age,1,117,2012-2024,1.0485368116062153,0.7524501696169096,1.461132563573045,0.75032433492344,0.79,lagged exposure,58.36313296793958
"TB, UK born aged 65+",rate_oral_glucocorticoids,FE + migration + age,2,108,2013-2024,1.0589985398285704,0.747698920118897,1.4999057470628818,0.7140017905910152,0.712,lagged exposure,61.971716492335815
"TB, UK born aged 65+",rate_oral_glucocorticoids,FE + migration + age,3,99,2014-2024,0.8540198348205436,0.4843324127896581,1.5058869879593615,0.5390932217080922,0.578,lagged exposure,119.4191199602293
"TB, UK born aged 65+",rate_oral_glucocorticoids,FE + migration + age,1,99,2012-2024,1.0934759153293212,0.8025705882696423,1.4898248140181996,0.5239972014547419,0.592,"lagged, excluding 2020-21",53.49854894485744
"TB, UK born aged 65+",rate_oral_glucocorticoids,FE + migration + age,2,90,2013-2024,1.1026412760487267,0.7937072728131926,1.5318213972476975,0.5124743841862087,0.472,"lagged, excluding 2020-21",57.69160398341007
"TB, UK born aged 65+",rate_oral_glucocorticoids,FE + migration + age,3,81,2014-2024,0.8800452181715264,0.5337436642245255,1.4510328420512657,0.5719449641758365,0.572,"lagged, excluding 2020-21",99.93327888103958
"TB, UK born aged 65+",rate_oral_glucocorticoids,FE + migration + age,-1,108,2012-2023,1.2747865530301112,0.8764703425731644,1.854119502795084,0.173428376057393,0.198,lead (falsification),68.04124756350043
"TB, UK born aged 65+",rate_oral_glucocorticoids,FE + migration + age,-2,99,2012-2022,1.6773275423303768,1.0429609860571083,2.6975387592360143,0.0363622232606166,0.044,lead (falsification),93.14832703836879
"TB, UK born aged 65+",rate_oral_glucocorticoids,FE + migration + age,-3,90,2012-2021,1.5346469445424384,0.9267272906472344,2.541353069195352,0.0859089591281457,0.108,lead (falsification),101.13872170899837
"TB, UK born aged 65+",rate_mg_pred_equivalent,FE + migration + age,1,117,2012-2024,1.0639964561151798,0.7627710608634881,1.484178565117679,0.6786915813902086,0.712,lagged exposure,58.58559666956786
"TB, UK born aged 65+",rate_mg_pred_equivalent,FE + migration + age,2,108,2013-2024,1.130347947813754,0.8292507840364616,1.5407721134823622,0.3883524913850895,0.478,lagged exposure,53.596653152613015
"TB, UK born aged 65+",rate_mg_pred_equivalent,FE + migration + age,3,99,2014-2024,0.9438039169018976,0.5627787499377885,1.582799339274683,0.8029519195122077,0.844,lagged exposure,104.6908922934524
"TB, UK born aged 65+",rate_mg_pred_equivalent,FE + migration + age,1,99,2012-2024,1.115746586060459,0.7712185952562092,1.6141862397547608,0.5133680951702433,0.566,"lagged, excluding 2020-21",66.80630222347845
"TB, UK born aged 65+",rate_mg_pred_equivalent,FE + migration + age,2,90,2013-2024,1.1209239376595348,0.8035233375705789,1.5637012831724904,0.4519002359965049,0.49,"lagged, excluding 2020-21",58.60162233802883
"TB, UK born aged 65+",rate_mg_pred_equivalent,FE + migration + age,3,81,2014-2024,0.8825511016688243,0.4881500611789423,1.5956086232494269,0.6396525218938303,0.618,"lagged, excluding 2020-21",127.15564874838137
"TB, UK born aged 65+",rate_mg_pred_equivalent,FE + migration + age,-1,108,2012-2023,1.283786875388367,0.8932125014940024,1.8451474186296897,0.1509278358769719,0.204,lead (falsification),65.29661575191813
"TB, UK born aged 65+",rate_mg_pred_equivalent,FE + migration + age,-2,99,2012-2022,1.582061546024024,0.9162975363728212,2.7315567662833296,0.0887686116754177,0.086,lead (falsification),113.1153180370402
"TB, UK born aged 65+",rate_mg_pred_equivalent,FE + migration + age,-3,90,2012-2021,1.3044551521702898,0.7767913654543155,2.1905537570289697,0.2710079192405291,0.32,lead (falsification),105.0704241743642
"TB, UK born aged 65+",rate_levothyroxine,FE + migration + age,1,117,2012-2024,1.2271553159279136,0.9987737311496084,1.5077590874129267,0.051084028667343,0.074,lagged exposure,33.01655889067572
"TB, UK born aged 65+",rate_levothyroxine,FE + migration + age,2,108,2013-2024,1.1878381201857326,0.9514469829945555,1.4829616625884543,0.1114450897916856,0.168,lagged exposure,35.9944516122932
"TB, UK born aged 65+",rate_levothyroxine,FE + migration + age,3,99,2014-2024,1.060877411027671,0.8888962071776814,1.266133067214006,0.4631570649373426,0.534,lagged exposure,27.768413654043368
"TB, UK born aged 65+",rate_levothyroxine,FE + migration + age,1,99,2012-2024,1.2195339384413897,0.9947540355300254,1.4951063015471184,0.0548688199620691,0.068,"lagged, excluding 2020-21",32.612248687229936
"TB, UK born aged 65+",rate_levothyroxine,FE + migration + age,2,90,2013-2024,1.197757945920472,0.9588942569883848,1.496123359338261,0.0982810669225994,0.152,"lagged, excluding 2020-21",36.092395752794836
"TB, UK born aged 65+",rate_levothyroxine,FE + migration + age,3,81,2014-2024,1.087947665157838,0.9116273426583064,1.29837058053889,0.303603144420005,0.406,"lagged, excluding 2020-21",27.758840599999846
"TB, UK born aged 65+",rate_levothyroxine,FE + migration + age,-1,108,2012-2023,1.3780537420894827,1.053417237372397,1.802734993043876,0.024953753981934,0.038,lead (falsification),45.08969790249084
"TB, UK born aged 65+",rate_levothyroxine,FE + migration + age,-2,99,2012-2022,1.202233479615481,0.845637958349822,1.7092011128838556,0.2618598470770082,0.382,lead (falsification),62.81913780279373
"TB, UK born aged 65+",rate_levothyroxine,FE + migration + age,-3,90,2012-2021,1.293575441254117,0.8499591730060565,1.9687268228398307,0.1952508052066407,0.308,lead (falsification),78.93715514582871
