drug,model,term,irr_10pct,ci_low,ci_high,upper90,se_log_irr_10pct,p,n_obs,n_areas,years,q_fdr,max_compatible_paf_pct
antituberculosis,primary (t-1),exposure_lag1,1.0009576968108023,0.9974575839489346,1.0044700916887106,1.0039047695434042,0.0017871897913128907,0.5922274246258654,1637,149,2014-2024,,3.904769543404237
antituberculosis,FE only (t-1),exposure_lag1,1.0024124711479447,0.9985028702356955,1.0063373799573958,1.005705556161643,0.0019937843847258802,0.22684007625040603,1638,149,2014-2024,,5.705556161643028
antituberculosis,"distributed lag (t, t-1, t-2)",exposure,0.9999584537837489,0.9960057496277187,1.0039268444658367,1.0032880068806778,0.0020207661307595796,0.9835965986921313,1634,149,2014-2024,,3.2880068806777594
antituberculosis,"distributed lag (t, t-1, t-2)",exposure_lag1,1.0002228104230022,0.9967144677414934,1.0037435021460561,1.0031768420435783,0.001792717895616366,0.9010994895009892,1634,149,2014-2024,,3.1768420435782625
antituberculosis,"distributed lag (t, t-1, t-2)",exposure_lag2,1.0014266502048395,0.9980805609592632,1.0047839572956252,1.0042436319703991,0.0017076107299912975,0.4037907308074504,1634,149,2014-2024,,4.243631970399116
antituberculosis,"lag and lead (t-1, t+1)",exposure_lag1,0.9999813775447165,0.9963531671420984,1.0036228000403553,1.0030366783797935,0.0018545286405085056,0.9919880136265572,1487,149,2014-2023,,3.036678379793486
antituberculosis,"lag and lead (t-1, t+1)",exposure_lag-1,1.0026189943024832,0.9991174261128017,1.0061328343027316,1.005567280597598,0.0017849664785795335,0.14283002187198895,1487,149,2014-2023,,5.567280597597919
antituberculosis,prior 3 years (t-3..t-1),exposure_prior3,1.0025551487288993,0.9975599739462013,1.0075753363145978,1.0067668283527154,0.0025484171709639625,0.31665149257113967,1638,149,2014-2024,,6.766828352715354
antituberculosis,+ area trends (t-1),exposure_lag1,0.9988453932031545,0.9952822073228281,1.0024213355595077,1.0018457683216118,0.0018233075095749666,0.5263325097658234,1637,149,2014-2024,,1.8457683216117613
antituberculosis,population covariate (t-1),exposure_lag1,1.001104547067693,0.9974798256808458,1.0047424402549054,1.004156888532265,0.0018506595961234823,0.5508343774116129,1637,149,2014-2024,,4.15688853226492
antituberculosis,+ LTBI programme (t-1),exposure_lag1,1.0009992276491184,0.9975078328408611,1.0045028427500948,1.003938935816591,0.001782656393056799,0.5753106447731577,1637,149,2014-2024,,3.9389358165911013
antituberculosis,+ asylum support (t-1),exposure_lag1,1.0006547302570865,0.9970938265894684,1.0042283509174206,1.0036531594825522,0.0018188370136675523,0.7189562196377697,1373,148,2015-2024,,3.6531594825521783
antituberculosis,exclude COVID years (t-1),exposure_lag1,1.0009292729618322,0.9966529922970588,1.005223901613784,1.004532452750461,0.0021844198560915474,0.6706821641230711,1190,149,2014-2024,,4.532452750461098
oral_glucocorticoids,primary (t-1),exposure_lag1,0.9911537285138763,0.9495160867133918,1.0346172406065706,1.0275056225388963,0.021896517615644682,0.6848887130359543,1638,149,2014-2024,0.9967654836034453,27.5056225388963
oral_glucocorticoids,FE only (t-1),exposure_lag1,0.9838978607389774,0.9360875264608505,1.0341500906723413,1.025904069452583,0.025414851184093118,0.5229996302484177,1639,149,2014-2024,,25.904069452582924
oral_glucocorticoids,"distributed lag (t, t-1, t-2)",exposure,0.958298877493411,0.9203712039302423,0.9977895165380848,0.9913347643177306,0.020603387141987138,0.038695900622891195,1638,149,2014-2024,,0.0
oral_glucocorticoids,"distributed lag (t, t-1, t-2)",exposure_lag1,1.0140576970642203,0.9589206019319115,1.0723651268973422,1.0627730595463007,0.028523879641532576,0.6245531434024336,1638,149,2014-2024,,62.77305954630069
oral_glucocorticoids,"distributed lag (t, t-1, t-2)",exposure_lag2,1.0125601520473795,0.9679696307252519,1.0592047818132704,1.051565927715485,0.022977802591235833,0.5869805627304936,1638,149,2014-2024,,51.565927715484904
oral_glucocorticoids,"lag and lead (t-1, t+1)",exposure_lag1,1.0145749981693348,0.9641072722402998,1.0676845373423773,1.0589652717621174,0.02603189596692808,0.578314073288266,1489,149,2014-2023,,58.96527176211737
oral_glucocorticoids,"lag and lead (t-1, t+1)",exposure_lag-1,0.9585414830667723,0.9184256220147825,1.0004095625558003,0.9935594646385486,0.021812202545582148,0.05223073969049438,1489,149,2014-2023,,0.0
oral_glucocorticoids,prior 3 years (t-3..t-1),exposure_prior3,0.9988456600458775,0.9509825347013692,1.0491177452651994,1.040870894880275,0.025053354633076574,0.9632290485739629,1638,149,2014-2024,,40.870894880274925
oral_glucocorticoids,+ area trends (t-1),exposure_lag1,1.0007663090996712,0.9439144029233373,1.0610424020728932,1.0511158543554044,0.02983969767957332,0.9795197346804698,1638,149,2014-2024,,51.1158543554044
oral_glucocorticoids,population covariate (t-1),exposure_lag1,0.9937724224153195,0.9510981576354499,1.038361413724604,1.0310626847698632,0.022393345281881662,0.7802685914111565,1638,149,2014-2024,,31.062684769863147
oral_glucocorticoids,+ LTBI programme (t-1),exposure_lag1,0.9922078394820638,0.9492240651643821,1.0371380508133008,1.0297822536854329,0.02259577734912071,0.7291917523221294,1638,149,2014-2024,,29.78225368543283
oral_glucocorticoids,+ asylum support (t-1),exposure_lag1,0.9970928612814577,0.9555575336373858,1.0404336097210032,1.03334316529265,0.021708638438371074,0.8933146031662295,1374,148,2015-2024,,33.343165292649886
oral_glucocorticoids,exclude COVID years (t-1),exposure_lag1,0.9993550887560038,0.9550815406296592,1.0456809716624798,1.0380934437452827,0.0231191020404742,0.9777385847991178,1191,149,2014-2024,,38.09344374528264
oral_hydrocortisone,primary (t-1),exposure_lag1,0.9999707409219979,0.9859241287374151,1.0142174773434394,1.0119142089673114,0.007217661416485042,0.9967654836034453,1638,149,2014-2024,0.9967654836034453,11.914208967311424
oral_hydrocortisone,FE only (t-1),exposure_lag1,0.998752847120109,0.9827568410422537,1.0150092148660363,1.012378850460412,0.008237562428848004,0.8795870068410958,1639,149,2014-2024,,12.378850460412083
oral_hydrocortisone,"distributed lag (t, t-1, t-2)",exposure,1.0050552932422956,0.9869903008271503,1.0234509312075397,1.0204719408780492,0.009253890137204377,0.5858138667325059,1638,149,2014-2024,,20.471940878049136
oral_hydrocortisone,"distributed lag (t, t-1, t-2)",exposure_lag1,0.99846068651772,0.9754929666233456,1.0219691752081754,1.018154031483371,0.01187338241055308,0.8967690154400431,1638,149,2014-2024,,18.154031483371007
oral_hydrocortisone,"distributed lag (t, t-1, t-2)",exposure_lag2,0.9965170248520686,0.9768127971848586,1.016618725391338,1.0133609587404542,0.010189387915035902,0.7320344984365611,1638,149,2014-2024,,13.360958740454166
oral_hydrocortisone,"lag and lead (t-1, t+1)",exposure_lag1,1.0020428837528712,0.9838068099494518,1.0206169856979956,1.0176088069745204,0.009370679827043855,0.8275961003798389,1489,149,2014-2023,,17.60880697452037
oral_hydrocortisone,"lag and lead (t-1, t+1)",exposure_lag-1,0.99880865987342,0.982866470643518,1.0150094329547743,1.0123881250966429,0.008209161397152921,0.8845452621624275,1489,149,2014-2023,,12.388125096642877
oral_hydrocortisone,prior 3 years (t-3..t-1),exposure_prior3,0.9957735919657288,0.9787132667744114,1.0131313022089448,1.0103214005150374,0.008816938058171339,0.6309665795373133,1638,149,2014-2024,,10.321400515037373
oral_hydrocortisone,+ area trends (t-1),exposure_lag1,1.0090582606897789,0.991109768375099,1.0273317910442898,1.0243728101338492,0.009156870535114058,0.3247333399776061,1638,149,2014-2024,,24.372810133849157
oral_hydrocortisone,population covariate (t-1),exposure_lag1,1.001486113073831,0.9866329965364936,1.0165628335972972,1.0141245702082888,0.007623548952535778,0.8455554205263368,1638,149,2014-2024,,14.12457020828882
oral_hydrocortisone,+ LTBI programme (t-1),exposure_lag1,1.0002541460270238,0.9864727668460432,1.0142280560294454,1.0119691535166329,0.007078404831941969,0.9713622080748496,1638,149,2014-2024,,11.969153516632847
oral_hydrocortisone,+ asylum support (t-1),exposure_lag1,0.9944516277676763,0.9804294087932584,1.0086743941993646,1.0063749488995741,0.007245310932095692,0.44253451356420037,1374,148,2015-2024,,6.3749488995741235
oral_hydrocortisone,exclude COVID years (t-1),exposure_lag1,1.0006914001654603,0.9845532492421708,1.0170940770708878,1.0144399138089581,0.008295130624565238,0.9335960459062143,1191,149,2014-2024,,14.439913808958135
oral_dexamethasone,primary (t-1),exposure_lag1,1.0043344007906918,0.9931740604075707,1.0156201504071307,1.013797853213003,0.005701212862071097,0.4480819801690461,1638,149,2014-2024,0.9967654836034453,13.797853213002961
oral_dexamethasone,FE only (t-1),exposure_lag1,1.0073074585142348,0.9944019698725312,1.0203804364028697,1.0182680366456007,0.00657890113388134,0.268422438157113,1639,149,2014-2024,,18.26803664560071
oral_dexamethasone,"distributed lag (t, t-1, t-2)",exposure,1.00130962848121,0.9914543859997207,1.0112628339206937,1.009656564592604,0.005046484076285293,0.7953703990160436,1638,149,2014-2024,,9.65656459260388
oral_dexamethasone,"distributed lag (t, t-1, t-2)",exposure_lag1,1.0033048018626236,0.9928566893683642,1.013862862807512,1.0121585686787902,0.0053409689982544285,0.5367439234899254,1638,149,2014-2024,,12.15856867879016
oral_dexamethasone,"distributed lag (t, t-1, t-2)",exposure_lag2,1.0011455059472256,0.9911958533684815,1.0111950334256692,1.0095731536382593,0.005095909427394395,0.822243273986161,1638,149,2014-2024,,9.57315363825927
oral_dexamethasone,"lag and lead (t-1, t+1)",exposure_lag1,1.003376339663665,0.9919325120193961,1.0149521936197694,1.013082821550129,0.00585247901851778,0.5646585256109403,1489,149,2014-2023,,13.082821550129065
oral_dexamethasone,"lag and lead (t-1, t+1)",exposure_lag-1,1.0026329820892048,0.9922837567406999,1.013090146789318,1.0114022049140632,0.005293719062853106,0.6193830885173968,1489,149,2014-2023,,11.402204914063175
oral_dexamethasone,prior 3 years (t-3..t-1),exposure_prior3,1.0096779001428726,0.9934152416976457,1.0262067856889183,1.0235322232478803,0.008284644237800648,0.24500937920052812,1638,149,2014-2024,,23.532223247880268
oral_dexamethasone,+ area trends (t-1),exposure_lag1,0.9980626961486442,0.9870695911986233,1.0091782325437424,1.0073834937574218,0.0056507915217038,0.7314704758065147,1638,149,2014-2024,,7.383493757421748
oral_dexamethasone,population covariate (t-1),exposure_lag1,1.0045259430960265,0.9933706617322247,1.0158064952244072,1.0139850427813353,0.005697521299102535,0.42802354870239623,1638,149,2014-2024,,13.985042781335263
oral_dexamethasone,+ LTBI programme (t-1),exposure_lag1,1.0047141180758516,0.9933892773868207,1.0161680642621447,1.014318483613597,0.005783526346150289,0.4161155122512996,1638,149,2014-2024,,14.318483613596985
oral_dexamethasone,+ asylum support (t-1),exposure_lag1,1.0043629312020175,0.9930380148453455,1.0158170004496847,1.0139673967829945,0.005785599007687111,0.4517735012497408,1374,148,2015-2024,,13.967396782994513
oral_dexamethasone,exclude COVID years (t-1),exposure_lag1,1.008530032795101,0.9965747411290273,1.0206287447114801,1.0186745653377816,0.006084181702445974,0.16269766862827395,1191,149,2014-2024,,18.67456533778154
inhaled_corticosteroids,primary (t-1),exposure_lag1,0.9863304404362042,0.9407266801290999,1.0341449416503936,1.0263069998216872,0.02415244396706753,0.5687632059210176,1638,149,2014-2024,0.9967654836034453,26.30699982168714
inhaled_corticosteroids,FE only (t-1),exposure_lag1,0.9654179492501752,0.9184498735486474,1.0147878981498353,1.0066864484590476,0.02544580953727683,0.16663343213330928,1639,149,2014-2024,,6.686448459047639
inhaled_corticosteroids,"distributed lag (t, t-1, t-2)",exposure,0.8868365629489761,0.8377133201125733,0.938840377132197,0.9302814795251971,0.029073859822774235,3.617047204309963e-05,1638,149,2014-2024,,0.0
inhaled_corticosteroids,"distributed lag (t, t-1, t-2)",exposure_lag1,1.0683542539305442,0.9795271117513742,1.1652365699717329,1.1490934968010598,0.044288136112872425,0.13545375611275215,1638,149,2014-2024,,
inhaled_corticosteroids,"distributed lag (t, t-1, t-2)",exposure_lag2,1.0240771470667964,0.9529276690284263,1.1005389361962001,1.0878761020710312,0.03673884648294838,0.5172474704802682,1638,149,2014-2024,,87.87610207103117
inhaled_corticosteroids,"lag and lead (t-1, t+1)",exposure_lag1,1.084965948961572,1.0253255092471179,1.1480755133756984,1.1376907316614873,0.028846158613017873,0.00469837202891005,1489,149,2014-2023,,
inhaled_corticosteroids,"lag and lead (t-1, t+1)",exposure_lag-1,0.8843498781703905,0.8493361061013208,0.9208070885034146,0.9148481131939165,0.020611112989761995,2.4776334451470043e-09,1489,149,2014-2023,,0.0
inhaled_corticosteroids,prior 3 years (t-3..t-1),exposure_prior3,1.0029844562216659,0.9507163524176998,1.0581261349550148,1.049063847513511,0.02730588517399534,0.9130958853979483,1638,149,2014-2024,,49.063847513510964
inhaled_corticosteroids,+ area trends (t-1),exposure_lag1,1.0647456697566966,1.0093790724650407,1.1231492431253087,1.1135513520259481,0.027245204510742634,0.021298971893667615,1638,149,2014-2024,,
inhaled_corticosteroids,population covariate (t-1),exposure_lag1,0.9891131080968526,0.9399968102394279,1.0407958090409057,1.0323111131908607,0.025985821077368944,0.6735708329123713,1638,149,2014-2024,,32.31111319086064
inhaled_corticosteroids,+ LTBI programme (t-1),exposure_lag1,0.9860414446201662,0.9405099536766031,1.0337771830142104,1.0259523560902384,0.024120487106796186,0.5600426746645408,1638,149,2014-2024,,25.95235609023836
inhaled_corticosteroids,+ asylum support (t-1),exposure_lag1,0.9744882003782959,0.9311611585178913,1.0198312547615607,1.0124041856457204,0.023204104895480235,0.2653994598262983,1374,148,2015-2024,,12.404185645720421
inhaled_corticosteroids,exclude COVID years (t-1),exposure_lag1,0.978764111709714,0.9326263267603804,1.0271843705062371,1.0192440039242887,0.024635740763257866,0.3836016098494094,1191,149,2014-2024,,19.244003924288695
conventional_dmards,primary (t-1),exposure_lag1,1.006902326472115,0.9864231471951644,1.0278066749931674,1.0244180102278144,0.010483916089900422,0.511752597075916,1638,149,2014-2024,0.9967654836034453,24.418010227814403
conventional_dmards,FE only (t-1),exposure_lag1,1.0100456633547341,0.9871539691403062,1.0334682065353709,1.0296675617842346,0.011696324329479346,0.39277914735464636,1639,149,2014-2024,,29.667561784234547
conventional_dmards,"distributed lag (t, t-1, t-2)",exposure,0.9825771555352449,0.9473545436188103,1.0191093430467641,1.0131477855488877,0.01862523533916938,0.3453291785304422,1638,149,2014-2024,,13.147785548887725
conventional_dmards,"distributed lag (t, t-1, t-2)",exposure_lag1,1.0264216644276594,0.968296497842513,1.088035984384814,1.0778898520375146,0.029742643099870264,0.3805899489302079,1638,149,2014-2024,,77.88985203751457
conventional_dmards,"distributed lag (t, t-1, t-2)",exposure_lag2,0.9959316717475177,0.9537559272691424,1.0399724567162818,1.0327653230058316,0.022076966984626408,0.8534994990927185,1638,149,2014-2024,,32.76532300583154
conventional_dmards,"lag and lead (t-1, t+1)",exposure_lag1,1.0332767476527251,1.0035463756900675,1.0638878910858893,1.0589077717546005,0.01489538717337704,0.027973035655452835,1489,149,2014-2023,,58.90777175460043
conventional_dmards,"lag and lead (t-1, t+1)",exposure_lag-1,0.969930679779712,0.9381522616907649,1.0027855413176319,0.9974312044813609,0.01699609340305014,0.07244128513438017,1489,149,2014-2023,,0.0
conventional_dmards,prior 3 years (t-3..t-1),exposure_prior3,1.0077711938370362,0.9859187155376186,1.0301080232298057,1.026485068681843,0.011184959195167533,0.48887209605582704,1638,149,2014-2024,,26.48506868184295
conventional_dmards,+ area trends (t-1),exposure_lag1,1.038351066812589,1.0026112435730152,1.0753648982715838,1.0693284656665285,0.017870460213146293,0.03521041413165834,1638,149,2014-2024,,69.32846566652844
conventional_dmards,population covariate (t-1),exposure_lag1,1.006688703818202,0.9861172213440031,1.0276893298891523,1.0242849187599992,0.010533918056439037,0.5268288957122069,1638,149,2014-2024,,24.28491875999914
conventional_dmards,+ LTBI programme (t-1),exposure_lag1,1.00654478915311,0.9858368628016694,1.0276876943838738,1.0242600158464406,0.010606049299901043,0.5385083519129733,1638,149,2014-2024,,24.260015846440535
conventional_dmards,+ asylum support (t-1),exposure_lag1,1.0047711428335953,0.9863183859013636,1.023569127273767,1.0205244739665926,0.009457074956444574,0.6147495621198971,1374,148,2015-2024,,20.52447396659261
conventional_dmards,exclude COVID years (t-1),exposure_lag1,1.005697833479928,0.9844870124929138,1.0273656426457949,1.0238520911098667,0.010875630202995002,0.6013769420685967,1191,149,2014-2024,,23.852091109866727
transplant_immunosuppressants,primary (t-1),exposure_lag1,1.0000834102588303,0.9942238452028178,1.005977509291081,1.0050279059126268,0.0029981163661966697,0.9778059317636899,1638,149,2014-2024,0.9967654836034453,5.027905912626802
transplant_immunosuppressants,FE only (t-1),exposure_lag1,0.997438543981329,0.9908924295369225,1.0040279039012705,1.0029659712506123,0.003359467231403804,0.4452027188283908,1639,149,2014-2024,,2.965971250612262
transplant_immunosuppressants,"distributed lag (t, t-1, t-2)",exposure,0.9992845028235615,0.9890284490269348,1.0096469101225398,1.0079743050127037,0.005263484214075162,0.8918333845110377,1638,149,2014-2024,,7.974305012703679
transplant_immunosuppressants,"distributed lag (t, t-1, t-2)",exposure_lag1,0.9989138866991671,0.9865559910118704,1.0114265810874088,1.009405092431652,0.006351272625639842,0.8641450364530555,1638,149,2014-2024,,9.405092431651987
transplant_immunosuppressants,"distributed lag (t, t-1, t-2)",exposure_lag2,1.002171297753661,0.9931394795958928,1.011285253154899,1.0098149399679195,0.004618931560493523,0.6386572806488882,1638,149,2014-2024,,9.81493996791948
transplant_immunosuppressants,"lag and lead (t-1, t+1)",exposure_lag1,1.0006741982115108,0.9913027537056843,1.010134237217653,1.0086078642256038,0.004800642406101228,0.8883504012141183,1489,149,2014-2023,,8.607864225603771
transplant_immunosuppressants,"lag and lead (t-1, t+1)",exposure_lag-1,0.9995419731486872,0.9919119893082388,1.0072306483388047,1.0059909914741978,0.003909573628015026,0.9067158060790329,1489,149,2014-2023,,5.990991474197788
transplant_immunosuppressants,prior 3 years (t-3..t-1),exposure_prior3,1.0009058758809246,0.9937905082993623,1.0080721882596027,1.0069170085838222,0.0036399574483863325,0.803548557473395,1638,149,2014-2024,,6.9170085838221524
transplant_immunosuppressants,+ area trends (t-1),exposure_lag1,1.0009650186465173,0.9936888378563983,1.0082944784963115,1.007112920216236,0.0037223035888865894,0.7955364336844947,1638,149,2014-2024,,7.112920216236102
transplant_immunosuppressants,population covariate (t-1),exposure_lag1,0.9998771013327142,0.9941027440473911,1.0056849996199693,1.0047493172604938,0.002955003680889578,0.9668234903295542,1638,149,2014-2024,,4.749317260493764
transplant_immunosuppressants,+ LTBI programme (t-1),exposure_lag1,0.9995051032445009,0.9935914019104684,1.0054540020081821,1.0044955465391403,0.0030276541095907634,0.8701253425199058,1638,149,2014-2024,,4.495546539140301
transplant_immunosuppressants,+ asylum support (t-1),exposure_lag1,1.0005595110017027,0.9947751869652962,1.006377469174743,1.0054401637358865,0.002958094201368227,0.8500200265446495,1374,148,2015-2024,,5.440163735886512
transplant_immunosuppressants,exclude COVID years (t-1),exposure_lag1,1.0015504852858645,0.9947927063633653,1.0083541708336066,1.0072576124390293,0.0034541751868008234,0.6537742226703644,1191,149,2014-2024,,7.25761243902933
proton_pump_inhibitors,primary (t-1),exposure_lag1,1.00287518192642,0.9624298931264409,1.0450201492149795,1.0381293020985083,0.021002607285599554,0.8912679264986584,1638,149,2014-2024,0.9967654836034453,38.129302098508255
proton_pump_inhibitors,FE only (t-1),exposure_lag1,0.9783417498661936,0.9343948911298118,1.0243555359917655,1.016817098412322,0.023448929575819195,0.3504153851991575,1639,149,2014-2024,,16.817098412321915
proton_pump_inhibitors,"distributed lag (t, t-1, t-2)",exposure,0.9398214479909568,0.8719568730788414,1.0129679361148345,1.0008393978945533,0.038239766871503995,0.1045769443833279,1638,149,2014-2024,,0.8393978945533391
proton_pump_inhibitors,"distributed lag (t, t-1, t-2)",exposure_lag1,1.0988805233916625,1.0023555456538324,1.204700677245081,1.1870309576116864,0.04690774483531655,0.04441452082721944,1638,149,2014-2024,,
proton_pump_inhibitors,"distributed lag (t, t-1, t-2)",exposure_lag2,0.9625236190550432,0.8870253233311598,1.0444478786237976,1.0308260196681367,0.04167605807230033,0.3593975798264143,1638,149,2014-2024,,30.826019668136674
proton_pump_inhibitors,"lag and lead (t-1, t+1)",exposure_lag1,1.0604597707604282,1.008742210294744,1.1148288570899305,1.1059066032024698,0.02550935798374023,0.02137938654527452,1489,149,2014-2023,,
proton_pump_inhibitors,"lag and lead (t-1, t+1)",exposure_lag-1,0.9463742574701927,0.8915333553421817,1.0045885886776573,0.9949967701284139,0.030456765490743238,0.07034457097070992,1489,149,2014-2023,,0.0
proton_pump_inhibitors,prior 3 years (t-3..t-1),exposure_prior3,1.0033078925403593,0.9578019071291478,1.0509759061254886,1.0431649726142391,0.02368200684633384,0.8890953099196123,1638,149,2014-2024,,43.16497261423909
proton_pump_inhibitors,+ area trends (t-1),exposure_lag1,1.0046248516945964,0.9486354685989559,1.0639187823463812,1.0541586034920118,0.02925758453912334,0.8746859593861829,1638,149,2014-2024,,54.15860349201179
proton_pump_inhibitors,population covariate (t-1),exposure_lag1,1.004749920781808,0.9604252522389333,1.0511202209205366,1.0435260361411465,0.02301928419604314,0.8369027943112747,1638,149,2014-2024,,43.526036141146434
proton_pump_inhibitors,+ LTBI programme (t-1),exposure_lag1,1.0062412551692976,0.9640981094533629,1.0502265834529811,1.0430299830393508,0.02182860992661271,0.7756193853565747,1638,149,2014-2024,,43.02998303935075
proton_pump_inhibitors,+ asylum support (t-1),exposure_lag1,0.9933159912348005,0.9519394584152291,1.0364909761019625,1.029427654724556,0.021707853838244324,0.7573663826322379,1374,148,2015-2024,,29.427654724555968
proton_pump_inhibitors,exclude COVID years (t-1),exposure_lag1,0.9988843690437531,0.9567121999739586,1.0429155003428363,1.035710349544374,0.022008372705066004,0.9595490351314746,1191,149,2014-2024,,35.71034954437399
statins,primary (t-1),exposure_lag1,0.9968099817608888,0.9575565443040122,1.0376725485807743,1.0309941308419153,0.020497647129353452,0.8761297653460695,1638,149,2014-2024,0.9967654836034453,30.99413084191524
statins,FE only (t-1),exposure_lag1,0.9755485247776783,0.9349604952696231,1.0178985411800263,1.0109703318893364,0.021681441312095776,0.2535466167239204,1639,149,2014-2024,,10.970331889336373
statins,"distributed lag (t, t-1, t-2)",exposure,0.9722081964596904,0.897743870811359,1.0528490452506964,1.0394516566890093,0.04065569877943011,0.48814124848249807,1638,149,2014-2024,,39.45165668900926
statins,"distributed lag (t, t-1, t-2)",exposure_lag1,1.0613416252976353,0.9598099826729489,1.1736135963624974,1.1547999324506153,0.05130292902629436,0.24587112799740152,1638,149,2014-2024,,
statins,"distributed lag (t, t-1, t-2)",exposure_lag2,0.959251380000711,0.8875138584079619,1.0367874273916955,1.0239162686942902,0.03965766908952755,0.29416400221926775,1638,149,2014-2024,,23.916268694290178
statins,"lag and lead (t-1, t+1)",exposure_lag1,1.016650678042684,0.9627519058200223,1.073566923021877,1.064209288898799,0.02779239900135387,0.5523944310013895,1489,149,2014-2023,,64.20928889879902
statins,"lag and lead (t-1, t+1)",exposure_lag-1,0.9727277295209541,0.9129297200187091,1.0364425815380396,1.025928120323424,0.032370059489194726,0.3929846522012094,1489,149,2014-2023,,25.928120323424043
statins,prior 3 years (t-3..t-1),exposure_prior3,0.9949712422070542,0.9515369393740047,1.0403881676630722,1.0329516122620352,0.022773125612508018,0.8247989570529268,1638,149,2014-2024,,32.95161226203522
statins,+ area trends (t-1),exposure_lag1,1.0033335941807255,0.950429659176953,1.059182330319289,1.050001364688585,0.027637333616152757,0.9041515278021591,1638,149,2014-2024,,50.00136468858503
statins,population covariate (t-1),exposure_lag1,0.9970628644797039,0.9574139133684109,1.038353779742839,1.0316042230223588,0.020703067505631476,0.8870181304632954,1638,149,2014-2024,,31.60422302235874
statins,+ LTBI programme (t-1),exposure_lag1,0.9994742492043356,0.9593824453580875,1.04124145658066,1.0344130156128146,0.020887550281518823,0.9799136603734769,1638,149,2014-2024,,34.4130156128146
statins,+ asylum support (t-1),exposure_lag1,1.0082983443032842,0.9662314717552822,1.0521966845872266,1.0450148191091186,0.021742835218091033,0.7038831112134226,1374,148,2015-2024,,45.014819109118605
statins,exclude COVID years (t-1),exposure_lag1,0.9885683053563904,0.9495850574914129,1.0291519297248872,1.0225189431493555,0.02052685338780808,0.5753963390374972,1191,149,2014-2024,,22.518943149355522
metformin,primary (t-1),exposure_lag1,0.9654887571062776,0.9321717166127704,0.9999965923508628,0.9943686381108107,0.017917048040818853,0.04997356459748613,1639,149,2014-2024,0.6496563397673196,0.0
metformin,FE only (t-1),exposure_lag1,0.9482652625529688,0.9156836159303225,0.9820062219318715,0.9765036923701377,0.017838453254894318,0.002902373963924574,1639,149,2014-2024,,0.0
metformin,"distributed lag (t, t-1, t-2)",exposure,0.9755507188957292,0.9108572285435875,1.04483905415088,1.0333803163443287,0.035008156092776146,0.4795245645101013,1639,149,2014-2024,,33.38031634432867
metformin,"distributed lag (t, t-1, t-2)",exposure_lag1,1.017256732535773,0.9294304211819642,1.1133821707421405,1.097342152770889,0.04606778420806193,0.7103404145812898,1639,149,2014-2024,,97.342152770889
metformin,"distributed lag (t, t-1, t-2)",exposure_lag2,0.9670498211416001,0.9106395248611046,1.0269544985021817,1.0170824971921122,0.03066473888724929,0.2745555711573101,1639,149,2014-2024,,17.082497192112175
metformin,"lag and lead (t-1, t+1)",exposure_lag1,0.9796288979024044,0.9248990789037408,1.0375972897961527,1.0280547319838955,0.029331222789182126,0.4828718955771022,1490,149,2014-2023,,28.054731983895497
metformin,"lag and lead (t-1, t+1)",exposure_lag-1,0.9823728929921934,0.929128392446398,1.0386686153727953,1.029408193611298,0.028430627606144152,0.5316208622395922,1490,149,2014-2023,,29.40819361129796
metformin,prior 3 years (t-3..t-1),exposure_prior3,0.9669733443973167,0.9291772989215528,1.0063068155670403,0.9998791209960944,0.02034253061066628,0.09875030827170733,1639,149,2014-2024,,0.0
metformin,+ area trends (t-1),exposure_lag1,0.9668674204297131,0.924421996213565,1.011261753309078,1.0039918585756948,0.02290444326998677,0.1412738687196851,1639,149,2014-2024,,3.9918585756948364
metformin,population covariate (t-1),exposure_lag1,0.9663938504407672,0.9323863274589946,1.0016417515633342,0.9958914048121922,0.01827766354729467,0.06144899585511325,1639,149,2014-2024,,0.0
metformin,+ LTBI programme (t-1),exposure_lag1,0.967972035840488,0.933564755100619,1.0036474246161886,0.9978264433089853,0.018465749801551395,0.07792822501406653,1639,149,2014-2024,,0.0
metformin,+ asylum support (t-1),exposure_lag1,0.9711724481993897,0.9342082494005699,1.0095992245270586,1.0033224867287247,0.019798302350682424,0.13955199262075274,1374,148,2015-2024,,3.3224867287247024
metformin,exclude COVID years (t-1),exposure_lag1,0.9638663351716269,0.9322359761037915,0.9965698984928979,0.9912400979504054,0.017023802374428233,0.030630902795994296,1192,149,2014-2024,,0.0
insulins,primary (t-1),exposure_lag1,0.9936793339510669,0.9564811891981024,1.032324137549693,1.0260134985865927,0.01946603599436902,0.7446265403602448,1639,149,2014-2024,0.9967654836034453,26.01349858659272
insulins,FE only (t-1),exposure_lag1,0.9893527074614317,0.9493776514413711,1.0310109767964264,1.0241994821139562,0.02104297564619991,0.6109685581096166,1639,149,2014-2024,,24.19948211395615
insulins,"distributed lag (t, t-1, t-2)",exposure,0.9118806468082341,0.8492765280537364,0.9790996060246588,0.9679715477411958,0.036287891934910776,0.011019978910279126,1639,149,2014-2024,,0.0
insulins,"distributed lag (t, t-1, t-2)",exposure_lag1,1.0911158690991092,0.9975465160221857,1.1934619796450943,1.1763884203994086,0.045743573675409065,0.056611489267743204,1639,149,2014-2024,,
insulins,"distributed lag (t, t-1, t-2)",exposure_lag2,0.9816974596154614,0.9246990607923612,1.042209236580866,1.0322383795742847,0.030517770439228865,0.5449862646466112,1639,149,2014-2024,,32.23837957428463
insulins,"lag and lead (t-1, t+1)",exposure_lag1,1.0779211833132143,1.0250001314686399,1.133574564298394,1.1244402479267481,0.025684497526415988,0.003484767138552152,1490,149,2014-2023,,
insulins,"lag and lead (t-1, t+1)",exposure_lag-1,0.9037810643895008,0.8547150093154264,0.9556638217962746,0.9471289785087454,0.028479109549142297,0.0003817878578978871,1490,149,2014-2023,,0.0
insulins,prior 3 years (t-3..t-1),exposure_prior3,0.997644311017142,0.9569676233977361,1.0400499943467811,1.0331151852620224,0.021238393606371843,0.9115787745663302,1639,149,2014-2024,,33.115185262022365
insulins,+ area trends (t-1),exposure_lag1,1.0685142973030204,1.0013277859432144,1.140208850257267,1.1283702069472796,0.03313381183470521,0.04549520380297846,1639,149,2014-2024,,
insulins,population covariate (t-1),exposure_lag1,0.9982235275820093,0.9546565519593139,1.0437787379903067,1.0363195700842156,0.022768154298035956,0.9377534205616727,1639,149,2014-2024,,36.31957008421557
insulins,+ LTBI programme (t-1),exposure_lag1,0.993970447050846,0.9565010959772026,1.0329075980839297,1.0265484985005133,0.01960486743743441,0.7577134453318393,1639,149,2014-2024,,26.548498500513308
insulins,+ asylum support (t-1),exposure_lag1,0.9949815104135766,0.9490492393115728,1.0431368205753013,1.0352432592097807,0.024114016200266656,0.8347300541988447,1374,148,2015-2024,,35.24325920978063
insulins,exclude COVID years (t-1),exposure_lag1,0.9887182148895353,0.9476589643178913,1.0315564409375717,1.0245485995712014,0.021640141097996966,0.6000705010192722,1192,149,2014-2024,,24.548599571201347
fluoroquinolones,primary (t-1),exposure_lag1,1.0048546770604196,0.99142523833315,1.018466025444168,1.01626611736232,0.006864626311040123,0.4805048183250926,1638,149,2014-2024,0.9967654836034453,16.266117362319964
fluoroquinolones,FE only (t-1),exposure_lag1,1.009778503037184,0.9947304070054924,1.025054243858443,1.0225837193522194,0.007660474055434962,0.203982311544473,1639,149,2014-2024,,22.583719352219344
fluoroquinolones,"distributed lag (t, t-1, t-2)",exposure,0.9969048587014248,0.9791605368188729,1.0149707427254562,1.012045370395258,0.00916312670020201,0.7351325686527317,1638,149,2014-2024,,12.045370395258093
fluoroquinolones,"distributed lag (t, t-1, t-2)",exposure_lag1,1.0010196456219924,0.9825384726454205,1.0198484423955951,1.0167986722158993,0.009507604200530224,0.9146377444022412,1638,149,2014-2024,,16.798672215899245
fluoroquinolones,"distributed lag (t, t-1, t-2)",exposure_lag2,1.006820418061908,0.9912752154860746,1.0226094008910438,1.0200552872584914,0.007938945162075096,0.39189138530554746,1638,149,2014-2024,,20.055287258491354
fluoroquinolones,"lag and lead (t-1, t+1)",exposure_lag1,1.0112236325573707,0.9964234128116151,1.026243685058666,1.0238147875206713,0.007522506841649446,0.13788953040253424,1489,149,2014-2023,,23.81478752067132
fluoroquinolones,"lag and lead (t-1, t+1)",exposure_lag-1,0.9890129443343635,0.9725961153006162,1.0057068794260966,1.003005044355116,0.008540059193808779,0.1957858754511066,1489,149,2014-2023,,3.0050443551159467
fluoroquinolones,prior 3 years (t-3..t-1),exposure_prior3,1.007916915429953,0.9941713642629282,1.0218525144938262,1.019599939103793,0.007005831435196189,0.26033624505078656,1638,149,2014-2024,,19.59993910379308
fluoroquinolones,+ area trends (t-1),exposure_lag1,1.0071499252555844,0.9928358426057593,1.0216703793449902,1.0193226941961138,0.007303280065229719,0.32930306749427607,1638,149,2014-2024,,19.322694196113748
fluoroquinolones,population covariate (t-1),exposure_lag1,1.0064210010751866,0.9934084604125097,1.019603991478575,1.017473709047846,0.0066397112205567824,0.3350615826233482,1638,149,2014-2024,,17.473709047846047
fluoroquinolones,+ LTBI programme (t-1),exposure_lag1,1.0049885147070612,0.9916093539530195,1.0185481920544253,1.0163566833694222,0.006837836207817456,0.4667775614054297,1638,149,2014-2024,,16.356683369422182
fluoroquinolones,+ asylum support (t-1),exposure_lag1,1.0029678073364503,0.9895971145545036,1.0165191548746,1.0143289753741682,0.006847339677490452,0.6651724371805339,1374,148,2015-2024,,14.328975374168207
fluoroquinolones,exclude COVID years (t-1),exposure_lag1,1.001548013139619,0.9872290625053523,1.016074648449159,1.0137258798029574,0.007346940376505694,0.8332471518219671,1191,149,2014-2024,,13.725879802957353
all_antibacterials,primary (t-1),exposure_lag1,1.0117025185179376,0.970330851462196,1.0548381352949436,1.0477835880843056,0.02130242616206145,0.584954650926677,1638,149,2014-2024,0.9967654836034453,47.78358808430556
all_antibacterials,FE only (t-1),exposure_lag1,1.0154049035849904,0.9697368745419872,1.0632235870286089,1.055389263987348,0.02347855121256067,0.514966319836611,1639,149,2014-2024,,55.38926398734784
all_antibacterials,"distributed lag (t, t-1, t-2)",exposure,0.9925358051860134,0.9616883549384707,1.0243727289796254,1.0191880475358113,0.016108492270093977,0.6418539975074204,1638,149,2014-2024,,19.188047535811254
all_antibacterials,"distributed lag (t, t-1, t-2)",exposure_lag1,0.9862560755011515,0.9404314322974611,1.034313627827855,1.0264350628486878,0.024274128493142234,0.5685940619137055,1638,149,2014-2024,,26.435062848687775
all_antibacterials,"distributed lag (t, t-1, t-2)",exposure_lag2,1.0373591944885268,0.99525892618115,1.0812403386513496,1.0740648276561922,0.021138059242790774,0.08270968073340537,1638,149,2014-2024,,74.0648276561921
all_antibacterials,"lag and lead (t-1, t+1)",exposure_lag1,1.027990988425622,0.9841577320493663,1.0737765277561007,1.0662829206838862,0.022232397372204626,0.21434008062584753,1489,149,2014-2023,,66.28292068388613
all_antibacterials,"lag and lead (t-1, t+1)",exposure_lag-1,0.9740191333977614,0.9438700362959324,1.0051312529720724,1.0000648818626008,0.016042073644294233,0.10080662172946359,1489,149,2014-2023,,0.06488186260078516
all_antibacterials,prior 3 years (t-3..t-1),exposure_prior3,1.0269019780796915,0.9829997840950634,1.072764907628914,1.0652582677185571,0.022292275488397396,0.2337173160326782,1638,149,2014-2024,,65.25826771855708
all_antibacterials,+ area trends (t-1),exposure_lag1,1.0031257084969516,0.962006492688939,1.0460024903105116,1.0389899756737133,0.02135454735106891,0.8838079097853779,1638,149,2014-2024,,38.98997567371328
all_antibacterials,population covariate (t-1),exposure_lag1,1.0155643338993716,0.975421809792761,1.05735888405817,1.0505277076364357,0.020576391881175677,0.45289891476370825,1638,149,2014-2024,,50.52770763643563
all_antibacterials,+ LTBI programme (t-1),exposure_lag1,1.009561674420838,0.9671922968959088,1.0537871090686488,1.0465509525900276,0.021874589275352758,0.6635357290149098,1638,149,2014-2024,,46.55095259002757
all_antibacterials,+ asylum support (t-1),exposure_lag1,1.005378892445733,0.9653423839389323,1.0470758708957209,1.0402597705138992,0.020733120628334767,0.7958362179234006,1374,148,2015-2024,,40.259770513899134
all_antibacterials,exclude COVID years (t-1),exposure_lag1,1.0288188574272628,0.9819443810625618,1.0779309519064308,1.0698826691848258,0.02379184414831278,0.23241316314086058,1191,149,2014-2024,,69.8826691848257
vitamin_d,primary (t-1),exposure_lag1,1.0108786871714732,0.9902754151633247,1.0319106225705754,1.0285012133550615,0.010506182316598217,0.30307380809658313,1638,149,2014-2024,0.9967654836034453,28.501213355061477
vitamin_d,FE only (t-1),exposure_lag1,1.015519817605532,0.9922410925895081,1.039344679082159,1.0354783244023094,0.011831521076733612,0.1930326609994878,1639,149,2014-2024,,35.478324402309326
vitamin_d,"distributed lag (t, t-1, t-2)",exposure,0.9889994234723202,0.9521419234937247,1.0272836806088061,1.021032370898907,0.01937737025624513,0.5681027787412949,1638,149,2014-2024,,21.032370898907065
vitamin_d,"distributed lag (t, t-1, t-2)",exposure_lag1,1.0193934387348207,0.9671007116967036,1.0745137195819774,1.0654581805406258,0.026867562681358884,0.474667112302841,1638,149,2014-2024,,65.45818054062575
vitamin_d,"distributed lag (t, t-1, t-2)",exposure_lag2,1.00081395430256,0.967335173793118,1.0354514115300255,1.0298048914429867,0.017359109600793662,0.9626167577879919,1638,149,2014-2024,,29.804891442986676
vitamin_d,"lag and lead (t-1, t+1)",exposure_lag1,1.013981377323382,0.9877216639122866,1.0409392353369773,1.0365588761342033,0.013387182170095026,0.29966513967534725,1489,149,2014-2023,,36.55887613420325
vitamin_d,"lag and lead (t-1, t+1)",exposure_lag-1,0.9907362199800732,0.9652928866892408,1.0168501924291082,1.012607348963931,0.013273856370830677,0.4832098190500351,1489,149,2014-2023,,12.607348963930887
vitamin_d,prior 3 years (t-3..t-1),exposure_prior3,1.012089454041155,0.9908935093145391,1.033738795695524,1.0302284603926772,0.010798555363254471,0.2657812925604891,1638,149,2014-2024,,30.22846039267721
vitamin_d,+ area trends (t-1),exposure_lag1,0.99583003698405,0.9699964019786451,1.0223516917555397,1.0180421292313266,0.013410324099211713,0.7553431417544173,1638,149,2014-2024,,18.042129231326626
vitamin_d,population covariate (t-1),exposure_lag1,1.0127610413188015,0.9924754156115031,1.0334612935285439,1.0301061554312922,0.010323133799916822,0.2193198270582094,1638,149,2014-2024,,30.106155431292226
vitamin_d,+ LTBI programme (t-1),exposure_lag1,1.0093343732184206,0.9882860186705554,1.030831012190838,1.0273455693860578,0.010752146797668586,0.3875254427803596,1638,149,2014-2024,,27.345569386057782
vitamin_d,+ asylum support (t-1),exposure_lag1,1.0102401906448033,0.9879776423620281,1.033004391024541,1.0293115617204895,0.01136904376449198,0.37018456159725466,1374,148,2015-2024,,29.31156172048952
vitamin_d,exclude COVID years (t-1),exposure_lag1,1.0194047351397955,0.9972352787002307,1.0420670389638471,1.0383911939414678,0.0112180684387046,0.08667461899506455,1191,149,2014-2024,,38.39119394146781
levothyroxine,primary (t-1),exposure_lag1,0.9653939405383453,0.9352756628870518,0.9964821040582397,0.9914191009025044,0.01617088475535932,0.02941135280689808,1638,149,2014-2024,,0.0
levothyroxine,FE only (t-1),exposure_lag1,0.9510132533880041,0.9226257954915629,0.9802741398941376,0.9755114897172397,0.015461361438152004,0.0011598758051055427,1639,149,2014-2024,,0.0
levothyroxine,"distributed lag (t, t-1, t-2)",exposure,0.9462395421539838,0.8824665977615419,1.0146211464626171,1.0033069345461132,0.03559939503908851,0.12059996272513812,1638,149,2014-2024,,3.306934546113191
levothyroxine,"distributed lag (t, t-1, t-2)",exposure_lag1,1.0654866053821306,0.969071231483205,1.171494591281148,1.1537722726267334,0.0483922248796149,0.1899318168860603,1638,149,2014-2024,,
levothyroxine,"distributed lag (t, t-1, t-2)",exposure_lag2,0.9507255263052053,0.8815481245428449,1.0253314608740676,1.0129578808410042,0.03854378099227065,0.18986672998553522,1638,149,2014-2024,,12.957880841004233
levothyroxine,"lag and lead (t-1, t+1)",exposure_lag1,1.0092881898552342,0.9562789360210562,1.06523589698605,1.0560394949132805,0.02752599708145973,0.7369644286843797,1489,149,2014-2023,,56.039494913280485
levothyroxine,"lag and lead (t-1, t+1)",exposure_lag-1,0.949479296003391,0.8981686351785828,1.0037212370033914,0.9947992768756421,0.028344839007392198,0.0674057203102432,1489,149,2014-2023,,0.0
levothyroxine,prior 3 years (t-3..t-1),exposure_prior3,0.9655709098720789,0.9330582509433715,0.9992164809094847,0.9937311344046624,0.01747546424968947,0.0449787694284496,1638,149,2014-2024,,0.0
levothyroxine,+ area trends (t-1),exposure_lag1,1.0003130856813873,0.9490833145861628,1.0543081455622578,1.0454377923625082,0.026822310678062615,0.9906882942600876,1638,149,2014-2024,,45.43779236250818
levothyroxine,population covariate (t-1),exposure_lag1,0.9644536781479848,0.9334528810130145,0.9964840392197665,0.9912654657547965,0.01666903994718816,0.02990855599697022,1638,149,2014-2024,,0.0
levothyroxine,+ LTBI programme (t-1),exposure_lag1,0.9680340909060171,0.9358255404057275,1.0013511714480066,0.9959203164608619,0.01726440504330259,0.05986461528705776,1638,149,2014-2024,,0.0
levothyroxine,+ asylum support (t-1),exposure_lag1,0.9722284821604392,0.9389396819495622,1.0066974904728405,1.001076519508854,0.017775306183027452,0.11308681862760235,1374,148,2015-2024,,1.0765195088540116
levothyroxine,exclude COVID years (t-1),exposure_lag1,0.9635834233836443,0.928915454614408,0.9995452322463083,0.9936764205418138,0.01869456122229238,0.0472188701342799,1191,149,2014-2024,,0.0
