drug,model,term,irr_10pct,ci_low,ci_high,lower90,upper90,se_log_irr_10pct,p,n_obs,n_dropped_zero_exposure,n_areas,years,p_first_minus_last,corr_first_last,q_fdr,max_compatible_paf_pct,max_compatible_prevented_fraction_pct,max_compatible_paf_nc_shifted_pct
antituberculosis,primary (t-1),exposure_lag1,1.000197757263362,0.9963078450694881,1.0041028569486834,0.9969319876903552,1.0034742249090916,0.0019881252399269298,0.920773534706211,1660,0,151,2014-2024,,,,3.4742249090915474,2.9766871805266395,49.337466353746215
antituberculosis,FE only (t-1),exposure_lag1,1.0018566411936511,0.9976632052633579,1.0060677032174081,0.9983359646282709,1.0053897335828794,0.002140025034769987,0.386065413575129,1661,0,151,2014-2024,,,,5.389733582879415,1.6367984662861772,69.73212856803472
antituberculosis,"distributed lag (t, t-1, t-2)",exposure,0.9996378323061014,0.9955857877014186,1.0037063687748518,0.9962358996689368,1.0030513818160083,0.00207232163632394,0.8612400226009751,1660,0,151,2014-2024,0.6135668075725356,0.12471832015409991,,3.0513818160082784,3.627555502388321,11.562957676190411
antituberculosis,"distributed lag (t, t-1, t-2)",exposure_lag1,0.9998875683502819,0.9961541336204076,1.0036349954277375,0.9967532083985762,1.0030317845153653,0.0019085932494544834,0.9530226486094566,1660,0,151,2014-2024,0.6135668075725356,0.12471832015409991,,3.0317845153653407,3.144690068392449,0.0
antituberculosis,"distributed lag (t, t-1, t-2)",exposure_lag2,1.0009600042496325,0.9972821526585907,1.004651419296402,0.9978723232581396,1.004057239343071,0.0018781077216280554,0.6094141814132852,1660,0,151,2014-2024,0.6135668075725356,0.12471832015409991,,4.057239343070893,2.0833497928660196,47.010659724822276
antituberculosis,"lag and lead (t-1, t+1)",exposure_lag1,0.9992292718457056,0.9951202178869129,1.0033552929247846,0.9957794601405777,1.0026910351940208,0.0021023988811735466,0.7138159641695264,1509,0,151,2014-2023,0.18903206370796466,0.07324152468814996,,2.6910351940208055,4.049623869839039,20.675627445667846
antituberculosis,"lag and lead (t-1, t+1)",exposure_lag-1,1.002798007531492,0.999114204184021,1.006495393317333,0.9997053300380515,1.005900252498258,0.0018776983468244987,0.13673892007936667,1509,0,151,2014-2023,0.18903206370796466,0.07324152468814996,,5.900252498258092,0.2938042091970462,41.99361595212255
antituberculosis,"lag, same year and lead (t-1, t, t+1)",exposure_lag1,1.0001464472495674,0.9957026240290974,1.0046101032638237,0.9964154759769764,1.003891388745396,0.0022719758967533047,0.9486092267648327,1509,0,151,2014-2023,0.1987413351476237,0.2140213708390954,,3.8913887453959592,3.4604822070011454,52.09893489789147
antituberculosis,"lag, same year and lead (t-1, t, t+1)",exposure,0.9980752144746877,0.9937128868718591,1.0024566923797473,0.9944126871557156,1.0017512312699461,0.0022348571171665814,0.38863988146334616,1509,0,151,2014-2023,0.1987413351476237,0.2140213708390954,,1.7512312699461394,5.291651708689944,0.0
antituberculosis,"lag, same year and lead (t-1, t, t+1)",exposure_lag-1,1.003660119695278,0.9995882513286556,1.0077485750035464,1.000241542864,1.0070903803719577,0.0020741179692809687,0.07816368256511191,1509,0,151,2014-2023,0.1987413351476237,0.2140213708390954,,7.0903803719577425,0.0,76.8942828603893
antituberculosis,prior 3 years (t-3..t-1),exposure_prior3,1.0020698456528054,0.9968013000859645,1.007366237865099,0.9976461586363197,1.006513147847128,0.0026895577366503345,0.44201768136217534,1660,0,151,2014-2024,,,,6.5131478471280815,2.299709842170688,51.79896562783033
antituberculosis,+ area trends (t-1),exposure_lag1,0.9988471941933419,0.9952727043128213,1.0024345217392086,0.9958463119967879,1.0018571192450525,0.0018290989237272086,0.5282874327663823,1660,0,151,2014-2024,,,,1.8571192450524951,3.988037373274806,33.87459517865341
antituberculosis,population covariate (t-1),exposure_lag1,1.0004077383689118,0.9964181954050451,1.0044132550003952,0.9970582972841378,1.0037684313088793,0.0020387193274941304,0.84151456937509,1660,0,151,2014-2024,,,,3.7684313088792685,2.8576394583076583,52.83117375088526
antituberculosis,+ LTBI programme (t-1),exposure_lag1,1.0002842161444887,0.9964536457296651,1.0041295120508251,0.9970682823265901,1.0035105226023606,0.001957567986779359,0.8845784188209248,1660,0,151,2014-2024,,,,3.510522602360619,2.848216020946942,45.499142139886
antituberculosis,+ asylum support (t-1),exposure_lag1,1.000051079962792,0.9962719005474453,1.0038445950198904,0.9968783040772823,1.0032339538780999,0.0019317065275284411,0.9789045988733488,1394,0,150,2015-2024,,,,3.2339538780998787,3.027196066535988,40.746841697950806
antituberculosis,exclude COVID years (t-1),exposure_lag1,1.0002774218171329,0.9958417684276794,1.0047328323824904,0.9965533124457924,1.0040154481464891,0.002267492041603337,0.9026373101467664,1207,0,151,2014-2024,,,,4.015448146489128,3.3318491250882336,52.096868185334166
antituberculosis,outcome years 2018-2024 (t-1),exposure_lag1,1.0015199036942224,0.997610188167031,1.0054449417147935,0.9982375043926155,1.004813096163916,0.001995623367679985,0.446632995849806,1057,0,151,2018-2024,,,,4.813096163915893,1.7319697171976665,42.274334943263234
antituberculosis,EPD exposure only (t-1),exposure_lag1,1.0008038362890326,0.9970328147859095,1.0045891207160695,0.9976379121091178,1.0039798072763024,0.00192607623526539,0.6765494482813135,1509,0,151,2015-2024,,,,3.9798072763024237,2.3075808041354073,44.09511755195568
oral_glucocorticoids,primary (t-1),exposure_lag1,0.9743408963923444,0.927994092948394,1.0230023979640033,0.935291193922618,1.0150209780133796,0.024865240456914746,0.2958396620198287,1660,0,151,2014-2024,,,0.8290563760883048,15.020978013379635,39.28679201704679,61.41195750289724
oral_glucocorticoids,FE only (t-1),exposure_lag1,0.9705809048144978,0.9161071892118019,1.028293745408797,0.9246510809828622,1.0187921824405342,0.029470095188993052,0.31094170577300795,1661,0,151,2014-2024,,,,18.792182440534138,42.970848887738796,83.99230018668727
oral_glucocorticoids,"distributed lag (t, t-1, t-2)",exposure,0.9651107752678248,0.9215873833981095,1.0106896267434,0.92844747265344,1.0032218687354202,0.02354351419168797,0.13145919712635495,1660,0,151,2014-2024,0.178826574861233,-0.12122943041149126,,3.221868735420183,41.70881563406753,11.734891293522443
oral_glucocorticoids,"distributed lag (t, t-1, t-2)",exposure_lag1,0.9904340551175402,0.9330207561897598,1.0513802731919772,0.9420182384194138,1.041338243283378,0.03046726491576267,0.752392756662422,1660,0,151,2014-2024,0.178826574861233,-0.12122943041149126,,41.33824328337795,36.70155402781085,37.927701292596005
oral_glucocorticoids,"distributed lag (t, t-1, t-2)",exposure_lag2,1.0136350366432596,0.9648439313439116,1.0648934549234916,0.9725239377535334,1.0564840078735112,0.025169304013132606,0.5905268425506806,1660,0,151,2014-2024,0.178826574861233,-0.12122943041149126,,56.48400787351111,21.55389942414711,
oral_glucocorticoids,"lag and lead (t-1, t+1)",exposure_lag1,0.9935478424706351,0.9371467424187021,1.0533433779328198,0.9459903775576722,1.0434961482659195,0.02981751916625228,0.8281387968016689,1509,0,151,2014-2023,0.4013506739173789,-0.38900368913898115,,43.49614826591947,35.068992174532994,62.21263428605779
oral_glucocorticoids,"lag and lead (t-1, t+1)",exposure_lag-1,0.9567617896242384,0.9128174862340414,1.0028216329000887,0.9197413584314775,0.9952723270442927,0.023989026399504156,0.06539564394950029,1509,0,151,2014-2023,0.4013506739173789,-0.38900368913898115,,0.0,44.52415754948058,30.98434296869998
oral_glucocorticoids,"lag, same year and lead (t-1, t, t+1)",exposure_lag1,0.9876644976850272,0.9262761573455887,1.053121309721319,0.9358784022283022,1.0423161360117101,0.03274012580398598,0.7046037527200644,1509,0,151,2014-2023,0.4029194327435631,-0.09481226870563142,,42.3161360117101,39.06956710285897,92.36886461920594
oral_glucocorticoids,"lag, same year and lead (t-1, t, t+1)",exposure,1.0121407677979657,0.9569893025964215,1.0704706218337683,0.965645849289669,1.0608743718954803,0.028587104825700288,0.6729254020806337,1509,0,151,2014-2023,0.4029194327435631,-0.09481226870563142,,60.87437189548023,25.569846952029707,0.0
oral_glucocorticoids,"lag, same year and lead (t-1, t, t+1)",exposure_lag-1,0.9512097524050388,0.900641858958788,1.0046168563789322,0.9085836977020542,0.9958356014518327,0.02787087362607768,0.07269679756331557,1509,0,151,2014-2023,0.4029194327435631,-0.09481226870563142,,0.0,47.75784570096505,64.85940762956449
oral_glucocorticoids,prior 3 years (t-3..t-1),exposure_prior3,0.9820830212313981,0.9294309603288226,1.037717809884196,0.9376984532425064,1.0285684670331392,0.02811393853188266,0.5201740466981514,1660,0,151,2014-2024,,,,28.56846703313918,38.38629267691623,74.84661478776104
oral_glucocorticoids,+ area trends (t-1),exposure_lag1,0.9855551940780302,0.9249185215561996,1.0501671422255812,0.9344058967422071,1.0395043994913493,0.03239769508332851,0.6533518850538871,1660,0,151,2014-2024,,,,39.50439949134928,39.61137623099873,72.72501194621344
oral_glucocorticoids,population covariate (t-1),exposure_lag1,0.9773888580822756,0.9308962338447407,1.0262035070846598,0.9382162908742694,1.0181969650230611,0.024865699399706502,0.3576936064075177,1660,0,151,2014-2024,,,,18.1969650230611,38.189079394709154,67.96495322828726
oral_glucocorticoids,+ LTBI programme (t-1),exposure_lag1,0.9765105807703297,0.9281867790386735,1.0273502444669873,0.9357886515233828,1.0190045720303111,0.0258941850053545,0.35864249158773165,1660,0,151,2014-2024,,,,19.004572030311124,39.10286899919133,61.64148944999409
oral_glucocorticoids,+ asylum support (t-1),exposure_lag1,0.9836129204868825,0.9368140238025514,1.0327496736456299,0.9441822680674511,1.0246902638078539,0.02487125719385649,0.5064762807063463,1394,0,150,2015-2024,,,,24.69026380785386,35.82245180972825,63.00544519473522
oral_glucocorticoids,exclude COVID years (t-1),exposure_lag1,0.9824888405625529,0.934068514234511,1.0334191840531317,0.9416862599759069,1.0250593672829487,0.025785303174972688,0.49326167689521605,1207,0,151,2014-2024,,,,25.059367282948642,36.83428868221957,74.14856216941328
oral_glucocorticoids,outcome years 2018-2024 (t-1),exposure_lag1,0.9744852776778217,0.9274574254184381,1.0238977341546254,0.9348594756233902,1.0157906949358213,0.025235979772542213,0.3057562152277339,1057,0,151,2018-2024,,,,15.790694935821293,39.44551140461083,53.66119833401978
oral_glucocorticoids,EPD exposure only (t-1),exposure_lag1,0.9819168333118433,0.9363176900255518,1.0297366778522006,0.9435006767100494,1.021897165885614,0.02426111343306766,0.45194428060500635,1509,0,151,2015-2024,,,,21.897165885613948,36.10196012494743,62.7283873725521
oral_hydrocortisone,primary (t-1),exposure_lag1,0.9993927658121461,0.9847337104211942,1.01427004050714,0.987075045677228,1.0118641989094033,0.007539081877872969,0.9357844734542585,1660,0,151,2014-2024,,,0.9538171040149035,11.864198909403257,11.445613948028459,58.11089953391429
oral_hydrocortisone,FE only (t-1),exposure_lag1,0.9964386582122096,0.9794259567184163,1.0137468715924622,0.9821404204597048,1.0109450531676645,0.008786193331369173,0.6847004555251681,1661,0,151,2014-2024,,,,10.945053167664465,15.153269348113623,75.64297452737227
oral_hydrocortisone,"distributed lag (t, t-1, t-2)",exposure,1.0084594473278172,0.9891450041393384,1.0281510321023324,0.9922239760134123,1.024960574920616,0.00986643260462341,0.3932210624680046,1660,0,151,2014-2024,0.4239449165773054,-0.04015592240497407,,24.960574920616075,7.214985020745809,33.658065243931304
oral_hydrocortisone,"distributed lag (t, t-1, t-2)",exposure_lag1,0.9951979451261629,0.9720285291349213,1.0189196307486805,0.9757154740453122,1.0150694298995429,0.012018623574703038,0.6887782937323013,1660,0,151,2014-2024,0.4239449165773054,-0.04015592240497407,,15.069429899542842,19.539460578979494,11.744922289685034
oral_hydrocortisone,"distributed lag (t, t-1, t-2)",exposure_lag2,0.9963114033234302,0.9748385756500371,1.0182572142576507,0.9782580907553884,1.0146978816457441,0.01111631061371347,0.7395631496521204,1660,0,151,2014-2024,0.4239449165773054,-0.04015592240497407,,14.697881645744134,17.859017802099984,58.10650713338944
oral_hydrocortisone,"lag and lead (t-1, t+1)",exposure_lag1,0.9974460836829723,0.9768305607920681,1.0184966869257042,0.9801148009505779,1.0150838339443324,0.010655554545051116,0.8103411672513314,1509,0,151,2014-2023,0.7448901742519756,-0.5955130372234759,,15.083833944332422,16.586867442430908,33.290707461651714
oral_hydrocortisone,"lag and lead (t-1, t+1)",exposure_lag-1,1.0032524107538978,0.9851216126179353,1.0217168995092076,0.9880132365961469,1.018726634828399,0.009304752015697608,0.7271074915147974,1509,0,151,2014-2023,0.7448901742519756,-0.5955130372234759,,18.726634828398964,10.703732333638138,55.28023007770262
oral_hydrocortisone,"lag, same year and lead (t-1, t, t+1)",exposure_lag1,0.9906397109782601,0.9655484374749972,1.0163830201346093,0.9695376765412941,1.012201032215681,0.01308910115479244,0.4724559867334991,1509,0,151,2014-2023,0.7489641575498565,-0.06000520173900646,,12.201032215680907,23.3495178156534,60.80761309005518
oral_hydrocortisone,"lag, same year and lead (t-1, t, t+1)",exposure,1.01401121507162,0.9875451200306027,1.0411865983998383,0.9917515346839575,1.0367705098824846,0.013493396641167794,0.30246181786781,1509,0,151,2014-2023,0.7489641575498565,-0.06000520173900646,,36.77050988248462,7.619937420784914,0.0
oral_hydrocortisone,"lag, same year and lead (t-1, t, t+1)",exposure_lag-1,0.9963352312901084,0.9741831019181563,1.018991082020751,0.9777097593918707,1.0153155203517217,0.011471685169310296,0.7489312479808037,1509,0,151,2014-2023,0.7489641575498565,-0.06000520173900646,,15.315520351721668,18.227325825252784,85.6895274507136
oral_hydrocortisone,prior 3 years (t-3..t-1),exposure_prior3,0.9945258078100813,0.9761266858317218,1.013271736913467,0.9790605647354198,1.0102353399021673,0.00952738237173561,0.5645117311677423,1660,0,151,2014-2024,,,,10.235339902167286,17.313984655849275,55.68862942579694
oral_hydrocortisone,+ area trends (t-1),exposure_lag1,1.0059601599911252,0.9858291098261999,1.0265022947717344,0.9890370747073269,1.0231728105731783,0.010313634951884037,0.5644962539477338,1660,0,151,2014-2024,,,,23.1728105731783,9.87980919190578,55.871496053526435
oral_hydrocortisone,population covariate (t-1),exposure_lag1,1.001359341877246,0.9870016834666939,1.01592585743413,0.9892952027557984,1.0135705993232704,0.007368343223769509,0.8537319999252311,1660,0,151,2014-2024,,,,13.570599323270416,9.669677837526839,63.11245749522237
oral_hydrocortisone,+ LTBI programme (t-1),exposure_lag1,0.9996846935147413,0.9854242630718688,1.0141514917973726,0.9877023222107136,1.0118124296911997,0.007330433882317008,0.9656854887854918,1660,0,151,2014-2024,,,,11.812429691199656,10.950963574119074,54.14841541008326
oral_hydrocortisone,+ asylum support (t-1),exposure_lag1,0.9920094900287265,0.9773644062052524,1.0068740196176027,0.9797034149323204,1.0044701419919375,0.007588319613339152,0.2904062683652492,1394,0,150,2015-2024,,,,4.470141991937511,16.872120730825912,42.02925331315562
oral_hydrocortisone,exclude COVID years (t-1),exposure_lag1,0.9999537037269588,0.983074796353763,1.0171224135802603,0.9857681361293289,1.0143434068821215,0.008685599236305656,0.9957470105806092,1207,0,151,2014-2024,,,,14.343406882121531,12.45875133997976,62.91942381489729
oral_hydrocortisone,outcome years 2018-2024 (t-1),exposure_lag1,0.9945923445933885,0.9756070281993856,1.013947115314966,0.9786336160357314,1.0108113145866595,0.009833203565581003,0.5813385038420522,1057,0,151,2018-2024,,,,10.811314586659506,17.60486163166816,48.496177733008814
oral_hydrocortisone,EPD exposure only (t-1),exposure_lag1,0.9949349958558563,0.9812380602240589,1.0088231246886785,0.9834265681547062,1.0065780995078515,0.007072603636860427,0.4727794879262337,1509,0,151,2015-2024,,,,6.57809950785148,14.217160448093027,46.79722790643922
oral_dexamethasone,primary (t-1),exposure_lag1,1.0041188107167247,0.9919826321639276,1.0164034664959265,0.9939231502050335,1.0144190582814976,0.006204097645548483,0.507636693242332,1660,0,151,2014-2024,,,0.8290563760883048,14.419058281497573,5.728723851351427,60.78252735838235
oral_dexamethasone,FE only (t-1),exposure_lag1,1.0074111148319973,0.9934118632708302,1.0216076451367742,0.9956485518090666,1.0193126404322523,0.007139653952318302,0.30104546706435864,1661,0,151,2014-2024,,,,19.312640432252323,4.16999310155375,84.54606617087627
oral_dexamethasone,"distributed lag (t, t-1, t-2)",exposure,1.0020330257779773,0.9914203949702498,1.012759259183788,0.9931183845986737,1.011027688461855,0.005432440661500427,0.7085098863720931,1660,0,151,2014-2024,0.9304264412565302,0.05908243666110865,,11.027688461854968,6.438539851298748,19.60694873016509
oral_dexamethasone,"distributed lag (t, t-1, t-2)",exposure_lag1,1.0027149961007586,0.9916198946043114,1.0139342391940882,0.993394720465213,1.0121227168738038,0.005676904614256068,0.6329314808318556,1660,0,151,2014-2024,0.9304264412565302,0.05908243666110865,,12.122716873803832,6.196015397747299,8.807860199724118
oral_dexamethasone,"distributed lag (t, t-1, t-2)",exposure_lag2,1.0013663128065424,0.9902823444803468,1.0125743410582138,0.9920553865719297,1.0107646266492665,0.005678857306136416,0.8099952052296772,1660,0,151,2014-2024,0.9304264412565302,0.05908243666110865,,10.764626649266464,7.359897984501318,54.00498806917503
oral_dexamethasone,"lag and lead (t-1, t+1)",exposure_lag1,1.0034043163949857,0.9909621601773129,1.016002691747522,0.9929513369883832,1.0139673362178754,0.0063660528994099385,0.5934434167870509,1509,0,151,2014-2023,0.9034081824983952,0.05073807113101294,,13.96733621787537,6.584540911876552,32.15418386914479
oral_dexamethasone,"lag and lead (t-1, t+1)",exposure_lag-1,1.0023926552350113,0.991300194378511,1.0136092386212465,0.9930745971328082,1.011798145043802,0.005677381251009737,0.6738039723175169,1509,0,151,2014-2023,0.9034081824983952,0.05073807113101294,,11.798145043802046,6.4768545934716535,48.10313462931277
oral_dexamethasone,"lag, same year and lead (t-1, t, t+1)",exposure_lag1,1.0024680677519002,0.99059535523552,1.0144830798477724,0.9924939426198549,1.0125424284298545,0.0060786605884121745,0.685094276566236,1509,0,151,2014-2023,0.9076571110061806,-0.028871047075909522,,12.542428429854521,6.981985539292368,61.16540338224924
oral_dexamethasone,"lag, same year and lead (t-1, t, t+1)",exposure,1.002936559333397,0.9914827537149827,1.0145226815883366,0.9933146828152152,1.0126516394549614,0.005860194578696922,0.6168157139724775,1509,0,151,2014-2023,0.9076571110061806,-0.028871047075909522,,12.651639454961384,6.266389191312503,0.0
oral_dexamethasone,"lag, same year and lead (t-1, t, t+1)",exposure_lag-1,1.0015014001614453,0.9907553244706351,1.012364031514285,0.9924745634064619,1.010610338548859,0.005504054556798017,0.7851790214029055,1509,0,151,2014-2023,0.9076571110061806,-0.028871047075909522,,10.610338548858946,6.998750092952749,80.65821796541177
oral_dexamethasone,prior 3 years (t-3..t-1),exposure_prior3,1.0092745412784891,0.9919897403892788,1.0268605190142084,0.9947475570099873,1.0240136731119185,0.008813423932535964,0.29488288031758936,1660,0,151,2014-2024,,,,24.013673111918465,4.990328814041021,70.08688805668466
oral_dexamethasone,+ area trends (t-1),exposure_lag1,0.9955183706869686,0.9842825379331857,1.0068824632978612,0.98607970664329,1.0050473807527072,0.005791116928098889,0.4379738154855648,1660,0,151,2014-2024,,,,5.047380752707161,12.219327168621659,37.16681146516928
oral_dexamethasone,population covariate (t-1),exposure_lag1,1.0041487897569301,0.9921279781578397,1.0163152477995057,0.9940501438780994,1.014350028698308,0.006144580120978131,0.5004395952526763,1660,0,151,2014-2024,,,,14.350028698308023,5.615728364043237,63.92998424559709
oral_dexamethasone,+ LTBI programme (t-1),exposure_lag1,1.0046736331343213,0.992382125029919,1.0171173821625272,0.9943473557408363,1.0151071487119194,0.006280502452836858,0.4578353176566241,1660,0,151,2014-2024,,,,15.107148711919413,5.3502156039728215,57.580991184995554
oral_dexamethasone,+ asylum support (t-1),exposure_lag1,1.004222356749805,0.9918503207106305,1.0167487177637853,0.993828354465982,1.0147250652131115,0.0063247638147946,0.5052923710591771,1394,0,150,2015-2024,,,,14.725065213111444,5.812894302406396,52.66762825355226
oral_dexamethasone,exclude COVID years (t-1),exposure_lag1,1.0084734444427548,0.995366156678533,1.0217533330045638,0.9974611375325625,1.0196073309302571,0.006674673052976084,0.2061784304105384,1207,0,151,2014-2024,,,,19.60733093025711,2.4760002269810175,68.43543257316192
oral_dexamethasone,outcome years 2018-2024 (t-1),exposure_lag1,1.0005370272004566,0.9866837742110977,1.014584782849536,0.9888971839088666,1.0123138776087188,0.0071135534734415974,0.9398381742694992,1057,0,151,2018-2024,,,,12.313877608718816,9.993280532174962,50.05475900598984
oral_dexamethasone,EPD exposure only (t-1),exposure_lag1,1.0044981575323018,0.9924171669013192,1.0167262136711106,0.9943489095925595,1.0147509981171896,0.0061733673482738055,0.4672226815866093,1509,0,151,2015-2024,,,,14.750998117189592,5.3488235527406465,55.296685238561196
inhaled_corticosteroids,primary (t-1),exposure_lag1,0.9652260175948816,0.9158336913387907,1.017282148334319,0.9235978117752077,1.0087304811294089,0.026799745164677112,0.18661925686718273,1660,0,151,2014-2024,,,0.8086834464244584,8.730481129408878,43.31136081341103,54.83395689413224
inhaled_corticosteroids,FE only (t-1),exposure_lag1,0.9419596681334995,0.8894001469075992,0.9976252190594184,0.8976450191746247,0.9884620283483828,0.029293477174596096,0.04123442888659469,1661,0,151,2014-2024,,,,0.0,50.58189346656297,51.72109309849699
inhaled_corticosteroids,"distributed lag (t, t-1, t-2)",exposure,0.9056907498480664,0.8537329107440766,0.9608107219920057,0.8618776442258519,0.9517310721026228,0.030142611265048184,0.0010151637787370058,1660,0,151,2014-2024,0.016256593299393825,-0.02035891169438044,,0.0,58.004783013801934,0.0
inhaled_corticosteroids,"distributed lag (t, t-1, t-2)",exposure_lag1,1.0229016334312881,0.9350821152963655,1.1189688419447241,0.9486697571914043,1.1029420340900458,0.04579809032960726,0.6210121280157852,1660,0,151,2014-2024,0.016256593299393825,-0.02035891169438044,,,33.919355348896616,99.32973026376737
inhaled_corticosteroids,"distributed lag (t, t-1, t-2)",exposure_lag2,1.0295944825140084,0.9456016950827056,1.1210479041395667,0.958623155002006,1.1058201472517848,0.04341778477221884,0.5017557478934844,1660,0,151,2014-2024,0.016256593299393825,-0.02035891169438044,,,29.267059254704026,
inhaled_corticosteroids,"lag and lead (t-1, t+1)",exposure_lag1,1.0685234810833828,0.9973736297166951,1.1447489642882007,1.0084803662081152,1.1321414554846516,0.03515693700248131,0.059403172340582254,1509,0,151,2014-2023,8.234629008982749e-05,-0.4769896618975709,,,0.0,
inhaled_corticosteroids,"lag and lead (t-1, t+1)",exposure_lag-1,0.8724035644057593,0.8316129217962214,0.9151949894477119,0.8380375445506201,0.908178856826744,0.024431135575297608,2.3067738481603172e-08,1509,0,151,2014-2023,8.234629008982749e-05,-0.4769896618975709,,0.0,61.82659082636235,0.0
inhaled_corticosteroids,"lag, same year and lead (t-1, t, t+1)",exposure_lag1,1.0499643461357586,0.9694630759285561,1.1371501973918743,0.981971633929596,1.1226649427180209,0.04069851951085184,0.23092293661685015,1509,0,151,2014-2023,8.410094571386143e-05,0.06596305566548892,,,15.274604462159616,
inhaled_corticosteroids,"lag, same year and lead (t-1, t, t+1)",exposure,1.034764416278551,0.9482830696281845,1.1291326730278113,0.9616778849611753,1.1134054488936467,0.04452857567881194,0.4428096285048606,1509,0,151,2014-2023,8.410094571386143e-05,0.06596305566548892,,,27.70498052901249,47.13347530073948
inhaled_corticosteroids,"lag, same year and lead (t-1, t, t+1)",exposure_lag-1,0.8577965083929028,0.8021796192348613,0.9172694396211334,0.8108685242395025,0.9074403899216108,0.03420120139285871,7.29540481759171e-06,1509,0,151,2014-2023,8.410094571386143e-05,0.06596305566548892,,0.0,65.41365835837422,0.0
inhaled_corticosteroids,prior 3 years (t-3..t-1),exposure_prior3,0.9803473263416282,0.923228201264333,1.041000349587467,0.9321783867351837,1.0310053246688349,0.03062779639025702,0.5169523577413477,1660,0,151,2014-2024,,,,31.00532466883485,40.41291937635962,77.3931134063725
inhaled_corticosteroids,+ area trends (t-1),exposure_lag1,1.054307436241957,0.9980057706314345,1.1137853134975424,1.006847165238782,1.1040048663706297,0.02800015985607855,0.05893112453950102,1660,0,151,2014-2024,,,,,0.0,
inhaled_corticosteroids,population covariate (t-1),exposure_lag1,0.9682374236926536,0.9179466678722024,1.0212834159658444,0.9258492990535824,1.0125662022937187,0.02721328401985218,0.23557884650817884,1660,0,151,2014-2024,,,,12.566202293718732,42.57846827112808,62.05896699826001
inhaled_corticosteroids,+ LTBI programme (t-1),exposure_lag1,0.9664347555694438,0.9165258671378506,1.019061403786973,0.9243695380114675,1.0104142319334886,0.02705280601193549,0.20693751649104308,1660,0,151,2014-2024,,,,10.414231933488551,43.0622690006194,52.69171463485063
inhaled_corticosteroids,+ asylum support (t-1),exposure_lag1,0.9529430359690301,0.9081140706113952,0.9999849789690916,0.9151738413563328,0.9922709640127196,0.024584249668638206,0.04992441741774588,1394,0,150,2015-2024,,,,0.0,45.89510449503333,29.373924110925632
inhaled_corticosteroids,exclude COVID years (t-1),exposure_lag1,0.9556711693597721,0.908380824820734,1.0054234512553835,0.9158201305868339,0.9972562880445208,0.025892952810315936,0.07992708634721697,1207,0,151,2014-2024,,,,0.0,45.70524980899377,45.01401782882582
inhaled_corticosteroids,outcome years 2018-2024 (t-1),exposure_lag1,0.9301911199887914,0.882395531164272,0.9805755912706692,0.8899079483445567,0.9722977767707167,0.026913095348051006,0.007169917039467519,1057,0,151,2018-2024,,,,0.0,52.401816626550556,8.546785983764009
inhaled_corticosteroids,EPD exposure only (t-1),exposure_lag1,0.9518190019879704,0.9075046604001898,0.9982972562872214,0.9144848914292765,0.9906772884234581,0.024324587347077434,0.0423503804580072,1509,0,151,2015-2024,,,,0.0,46.09603456535873,30.261079372365863
inhaled_corticosteroids,ADQ measure (t-1),exposure_lag1,0.9752174557517851,0.951871900079883,0.9991355831842194,0.9555858193875822,0.9952524061234972,0.012362250343059097,0.04236120067401878,1509,0,151,2015-2024,,,,0.0,30.754722579230336,56.83190108191821
conventional_dmards,primary (t-1),exposure_lag1,1.000664498648789,0.9784192134859934,1.0234155513855991,0.9819607062517894,1.0197245495475828,0.011470068933608003,0.9538171040149035,1660,0,151,2014-2024,,,0.9538171040149035,19.724549547582832,15.282448052163152,66.33050320541528
conventional_dmards,FE only (t-1),exposure_lag1,1.0058051086604771,0.9812243059000239,1.0310016889355262,0.9851338891350019,1.0269100756403675,0.012623734307312272,0.646573816667138,1661,0,151,2014-2024,,,,26.91007564036749,12.942120833594004,92.62971797809342
conventional_dmards,"distributed lag (t, t-1, t-2)",exposure,0.999315167621062,0.9602549810079204,1.0399642011638512,0.9664279525444212,1.0333215234599806,0.020342529380992125,0.973135048336229,1660,0,151,2014-2024,0.9556721461107656,0.22263250212883984,,33.321523459980604,25.134036720327774,42.08996214052459
conventional_dmards,"distributed lag (t, t-1, t-2)",exposure_lag1,1.0033207561514104,0.9433629429854911,1.067089339484178,0.9527515958029376,1.0565739739075166,0.03143849173396172,0.9160170856744063,1660,0,151,2014-2024,0.9556721461107656,0.22263250212883984,,56.573973907516574,32.08754923675092,53.113532569054776
conventional_dmards,"distributed lag (t, t-1, t-2)",exposure_lag2,0.9978005719204555,0.9533103997298465,1.044367061984142,0.9603244522411869,1.0367391760162534,0.023271872438381712,0.9246212438221416,1660,0,151,2014-2024,0.9556721461107656,0.22263250212883984,,36.73917601625339,28.405507188218397,81.09072482117267
conventional_dmards,"lag and lead (t-1, t+1)",exposure_lag1,1.022337078234811,0.9891850565786419,1.0566001726195677,0.9944396304165084,1.051017145300145,0.01681893345460721,0.18902272079588123,1509,0,151,2014-2023,0.1259210735977516,-0.6591641015817836,,51.01714530014485,5.267478321107706,69.8685303671866
conventional_dmards,"lag and lead (t-1, t+1)",exposure_lag-1,0.9730320140736831,0.9381374119738597,1.0092245425115502,0.9436598824536573,1.003318375631789,0.018632934268218732,0.14232087260424156,1509,0,151,2014-2023,0.1259210735977516,-0.6591641015817836,,3.3183756317889355,36.03689087008791,39.31909707676336
conventional_dmards,"lag, same year and lead (t-1, t, t+1)",exposure_lag1,0.9888720490942208,0.9464848505638872,1.033157507906459,0.9531724623660899,1.0259087081181624,0.022352032885342904,0.6166242538603517,1509,0,151,2014-2023,0.1313566611806718,0.07105624388185323,,25.908708118162348,31.892884937338334,75.17354089719558
conventional_dmards,"lag, same year and lead (t-1, t, t+1)",exposure,1.0664982586601068,1.0068419323030533,1.1296892781603816,1.0161994787096027,1.1192866750624244,0.029368364115150772,0.02836679286601888,1509,0,151,2014-2023,0.1313566611806718,0.07105624388185323,,,0.0,52.664639894249795
conventional_dmards,"lag, same year and lead (t-1, t, t+1)",exposure_lag-1,0.9417649627068944,0.8966806181008348,0.9891161101048588,0.9037779879496579,0.9813485798591072,0.02502856714956523,0.0165189880885597,1509,0,151,2014-2023,0.1313566611806718,0.07105624388185323,,0.0,49.03731800775523,49.36825506476779
conventional_dmards,prior 3 years (t-3..t-1),exposure_prior3,1.0010420525918,0.9776173989208214,1.025027983507037,0.9813447682071468,1.0211346954933576,0.012080817943009702,0.9312979866619577,1660,0,151,2014-2024,,,,21.13469549335754,15.722215962142547,67.07837725109317
conventional_dmards,+ area trends (t-1),exposure_lag1,1.0300481097979803,0.9917135306084615,1.0698645079970026,0.9977768127138158,1.0633631639651158,0.019350256491408313,0.12602162494694058,1660,0,151,2014-2024,,,,63.36316396511571,2.1748365954978124,97.34625781844511
conventional_dmards,population covariate (t-1),exposure_lag1,0.999994248013181,0.97773043427152,1.0227650290997756,0.981274825748908,1.0190707738744416,0.011487512508160647,0.9996004849195201,1660,0,151,2014-2024,,,,19.070773874441542,15.771865039751459,68.88147258667459
conventional_dmards,+ LTBI programme (t-1),exposure_lag1,1.0005425687687362,0.9782882123922926,1.0233031730703372,0.9818311313297146,1.019610603060172,0.011476213416044772,0.9623021336547743,1660,0,151,2014-2024,,,,19.61060306017191,15.375342824835,62.27287786850949
conventional_dmards,+ asylum support (t-1),exposure_lag1,0.9994980423113085,0.9798709242660495,1.0195182976088553,0.9829990893719673,1.016273918648685,0.010118541945413721,0.9604250778081511,1394,0,150,2015-2024,,,,16.27391864868509,14.53057975085481,54.27439636092642
conventional_dmards,exclude COVID years (t-1),exposure_lag1,1.000543042320707,0.9783928186663522,1.0231947336867797,0.981919317766344,1.019519996626233,0.011421902774307402,0.9620899913184738,1207,0,151,2014-2024,,,,19.51999662623292,15.312142419602765,68.34391590584494
conventional_dmards,outcome years 2018-2024 (t-1),exposure_lag1,1.0096952718258538,0.9856156852975038,1.0343631469701682,0.9894465272995392,1.030358401206306,0.012314972515010843,0.43334340624230894,1057,0,151,2018-2024,,,,30.358401206306034,9.546034550226128,68.77201488556011
conventional_dmards,EPD exposure only (t-1),exposure_lag1,0.9999054475794064,0.9804696929333749,1.0197264752852613,0.9835676239539867,1.0165146551689932,0.010014789153253663,0.9924667048576511,1509,0,151,2015-2024,,,,16.514655168993183,14.113236029400747,57.13081148639859
transplant_immunosuppressants,primary (t-1),exposure_lag1,0.998192538776843,0.9919169782551478,1.004507802883339,0.9929228831088599,1.0034901616428145,0.00321773970535034,0.5739621065226725,1660,0,151,2014-2024,,,0.8290563760883048,3.4901616428144564,6.6093644436981265,49.35413146718077
transplant_immunosuppressants,FE only (t-1),exposure_lag1,0.9964847178493937,0.9897271224403441,1.0032884523352423,0.9908100657833641,1.0021918702675923,0.0034717002414636237,0.3104218007716596,1661,0,151,2014-2024,,,,2.1918702675922646,8.416466483442369,66.32961010492994
transplant_immunosuppressants,"distributed lag (t, t-1, t-2)",exposure,0.9999335301439293,0.9891142738668541,1.0108711309940046,0.9908451545589172,1.0091052674635113,0.0055504781166382825,0.9904448291215399,1660,0,151,2014-2024,0.9200004419517882,0.17794512649347935,,9.105267463511248,8.387026159112834,17.668214677017495
transplant_immunosuppressants,"distributed lag (t, t-1, t-2)",exposure_lag1,0.9977476833714509,0.9843275576125516,1.011350776450519,0.9864721259041425,1.0091521225302538,0.0069090289092281435,0.7441491250303361,1660,0,151,2014-2024,0.9200004419517882,0.17794512649347935,,9.152122530253763,11.915905414061779,5.84699500691976
transplant_immunosuppressants,"distributed lag (t, t-1, t-2)",exposure_lag2,1.0005985990253001,0.9913676157852188,1.0099155352965496,0.9928454026428828,1.0084123406386107,0.004728713775760535,0.8992963706587491,1660,0,151,2014-2024,0.9200004419517882,0.17794512649347935,,8.412340638610731,6.676892577247873,51.55207161045845
transplant_immunosuppressants,"lag and lead (t-1, t+1)",exposure_lag1,0.99786960848584,0.9877826768478308,1.0080595447545788,0.9893968871406907,1.006414886160937,0.005183624544868308,0.6807621562260215,1509,0,151,2014-2023,0.8570892223159147,-0.6410937888839652,,6.414886160936989,9.586631501770439,24.466270613666218
transplant_immunosuppressants,"lag and lead (t-1, t+1)",exposure_lag-1,0.9993543172308932,0.991722442897517,1.0070449232247833,0.9929450517007232,1.005804953312803,0.003911283164046966,0.8688374098793912,1509,0,151,2014-2023,0.8570892223159147,-0.6410937888839652,,5.8049533128030575,6.5900254134487595,41.894897274397955
transplant_immunosuppressants,"lag, same year and lead (t-1, t, t+1)",exposure_lag1,0.9974358564801099,0.9847957147841117,1.0102382381002837,0.9868163095731324,1.0081696848145583,0.006506948424259613,0.6931614000316694,1509,0,151,2014-2023,0.8576948752929942,-0.060152581517462535,,8.169684814558257,11.64804785667075,56.58267764935471
transplant_immunosuppressants,"lag, same year and lead (t-1, t, t+1)",exposure,1.0008303539858203,0.9901959528596924,1.0115789653215383,0.9918974007411349,1.009843756734267,0.005450220760537826,0.8789588900057471,1509,0,151,2014-2023,0.8576948752929942,-0.060152581517462535,,9.843756734267064,7.495286250668635,0.0
transplant_immunosuppressants,"lag, same year and lead (t-1, t, t+1)",exposure_lag-1,0.9989099639919647,0.9898030892171066,1.008100628329685,0.9912610747754276,1.006617874497379,0.004672767800015086,0.8154497289821498,1509,0,151,2014-2023,0.8576948752929942,-0.060152581517462535,,6.617874497379045,8.036611734504827,76.38902644560368
transplant_immunosuppressants,prior 3 years (t-3..t-1),exposure_prior3,0.998489350968299,0.9910694570406932,1.0059647958217313,0.9922582106002759,1.0047596213831902,0.003805544930933049,0.6911756570353977,1660,0,151,2014-2024,,,,4.759621383190189,7.185502898046314,49.96654314540589
transplant_immunosuppressants,+ area trends (t-1),exposure_lag1,0.9998856188092144,0.9919922568888472,1.007841788843227,0.9932566175179669,1.0065588620993011,0.0040436681380165715,0.9774323629178976,1660,0,151,2014-2024,,,,6.558862099301114,6.317377550939171,38.72659692290755
transplant_immunosuppressants,population covariate (t-1),exposure_lag1,0.9979719038706226,0.9920154735932765,1.0039640987732124,0.9929703538130477,1.0029986465262266,0.0030542948660166247,0.5062495773301117,1660,0,151,2014-2024,,,,2.998646526226609,6.5679430301707376,52.023763006557374
transplant_immunosuppressants,+ LTBI programme (t-1),exposure_lag1,0.9976811937895319,0.9914062455005158,1.003995858366607,0.9924120511105573,1.002978312614645,0.0032190790474310397,0.4708057740578082,1660,0,151,2014-2024,,,,2.9783126146449814,7.052787015430568,44.9446635638648
transplant_immunosuppressants,+ asylum support (t-1),exposure_lag1,0.9991611345445868,0.9931233802367023,1.0052355957489232,0.9940912671868272,1.0042568582355358,0.0030924261065379266,0.7861000502697121,1394,0,150,2015-2024,,,,4.256858235535784,5.579079889092872,41.807994458226986
transplant_immunosuppressants,exclude COVID years (t-1),exposure_lag1,1.0002827059240997,0.993629308991673,1.0069806543712005,0.9946956125339692,1.0059011813894667,0.003404967566752413,0.9338390082061329,1207,0,151,2014-2024,,,,5.90118138946671,5.037195119473899,54.07290754093603
transplant_immunosuppressants,outcome years 2018-2024 (t-1),exposure_lag1,1.001190049951785,0.9936036837867175,1.0088343395651342,0.9948190328862835,1.0076018682656613,0.0038807156625580673,0.7592429978273534,1057,0,151,2018-2024,,,,7.601868265661331,4.925764856407057,45.167077482897575
transplant_immunosuppressants,EPD exposure only (t-1),exposure_lag1,0.9995775615054666,0.9935721183131191,1.0056193033693164,0.9945348397824846,1.0046458520083026,0.003074541698420344,0.8906925952588314,1509,0,151,2015-2024,,,,4.645852008302583,5.181957915053518,44.7877749617089
proton_pump_inhibitors,primary (t-1),exposure_lag1,0.9969967110675602,0.9534558922622957,1.0425258786969476,0.9603230613409908,1.0350708859282327,0.022782809146684145,0.8949677298524824,1660,0,151,2014-2024,,,0.9538171040149035,35.07088592823268,28.40622012476361,82.37823550959314
proton_pump_inhibitors,FE only (t-1),exposure_lag1,0.9684913048404796,0.9181649971551529,1.021576089763651,0.9260731332457423,1.0128524129235421,0.027225711687847043,0.23961928270246835,1661,0,151,2014-2024,,,,12.8524129235421,42.504569957388696,77.67240047379491
proton_pump_inhibitors,"distributed lag (t, t-1, t-2)",exposure,0.9755188701103281,0.8926789203816704,1.0660463064754042,0.9055017033165029,1.0509500561466116,0.04527680578434732,0.5840849684622506,1660,0,151,2014-2024,0.7936592277942556,-0.0070535374566965455,,50.9500561466116,48.58566799547458,59.868084963798864
proton_pump_inhibitors,"distributed lag (t, t-1, t-2)",exposure_lag1,1.06007087702583,0.9627029340514562,1.1672866307668783,0.9777256309034269,1.1493513402936544,0.049156206876692414,0.23532911594614636,1660,0,151,2014-2024,0.7936592277942556,-0.0070535374566965455,,,18.216711532554005,
proton_pump_inhibitors,"distributed lag (t, t-1, t-2)",exposure_lag2,0.959317641663682,0.8784088985590192,1.0476787508833911,0.8909361317582273,1.0329475983772396,0.044954102385462026,0.3555390550053986,1660,0,151,2014-2024,0.7936592277942556,-0.0070535374566965455,,32.947598377239565,52.16772709650878,77.1369440508462
proton_pump_inhibitors,"lag and lead (t-1, t+1)",exposure_lag1,1.0444989400053772,0.9870843887376903,1.1052530544703763,0.9960942129586675,1.0952558718636247,0.028845423541965336,0.1312142587359921,1509,0,151,2014-2023,0.14894236708345432,-0.6986280092461676,,95.25587186362463,3.7589696902818397,
proton_pump_inhibitors,"lag and lead (t-1, t+1)",exposure_lag-1,0.9549306004764868,0.8856320146364344,1.0296516348279592,0.8964202079809441,1.0172600345325642,0.038437314907755496,0.23022187154778873,1509,0,151,2014-2023,0.14894236708345432,-0.6986280092461676,,17.260034532564177,50.87921104141827,53.76100573948634
proton_pump_inhibitors,"lag, same year and lead (t-1, t, t+1)",exposure_lag1,0.9856604743273816,0.9142441145643534,1.0626555371529203,0.9253625778440036,1.049887464559927,0.038374657763129996,0.7066368043572797,1509,0,151,2014-2023,0.14171472725290457,-0.06318008390418157,,49.88746455992693,42.738504287658266,
proton_pump_inhibitors,"lag, same year and lead (t-1, t, t+1)",exposure,1.1263396036325728,1.0210928365864165,1.24243443617951,1.0373189720705855,1.2229998070688473,0.05005082851228304,0.017451945310719454,1509,0,151,2014-2023,0.14171472725290457,-0.06318008390418157,,,0.0,
proton_pump_inhibitors,"lag, same year and lead (t-1, t, t+1)",exposure_lag-1,0.8993980334805928,0.8206516076701084,0.9857006494209318,0.8328257521666651,0.9712917984635964,0.046748479417629475,0.0233239401588324,1509,0,151,2014-2023,0.14171472725290457,-0.06318008390418157,,0.0,62.571242995552204,38.61441350309766
proton_pump_inhibitors,prior 3 years (t-3..t-1),exposure_prior3,0.9954744200500586,0.94990217144346,1.043233030479481,0.9570830236005137,1.035405807581883,0.02390838047446524,0.8495300736758631,1660,0,151,2014-2024,,,,35.405807581883025,30.029306161308178,81.99158624908401
proton_pump_inhibitors,+ area trends (t-1),exposure_lag1,0.9798053368761743,0.9164351499648026,1.047557482062866,0.9263360585161735,1.0363609290010942,0.034113576364845605,0.5498116850130693,1660,0,151,2014-2024,,,,36.36092900109419,42.41752251758426,69.48108203032128
proton_pump_inhibitors,population covariate (t-1),exposure_lag1,0.9985024333685542,0.9530087062902676,1.04616789213178,0.9601778774798039,1.0383566762231458,0.023792117652000448,0.9497736770024408,1660,0,151,2014-2024,,,,38.35667622314573,28.48055930093904,89.11004181967434
proton_pump_inhibitors,+ LTBI programme (t-1),exposure_lag1,1.0018813342719086,0.9566775552544566,1.0492210279726684,0.9638024346623112,1.0414646942805774,0.02355532854149932,0.9364013363697825,1660,0,151,2014-2024,,,,41.46469428057738,26.577248461042892,85.04138214281346
proton_pump_inhibitors,+ asylum support (t-1),exposure_lag1,0.9870036654039299,0.9422333761391045,1.0339012183081198,0.9492891764080451,1.026216520456829,0.023684063186343605,0.5807191781395176,1394,0,150,2015-2024,,,,26.216520456828963,33.647764893948775,64.58877157728143
proton_pump_inhibitors,exclude COVID years (t-1),exposure_lag1,0.9920649267794722,0.948358149475842,1.0377860088932895,0.9552503202474275,1.0302983396970078,0.02298792337313718,0.7289209617778334,1207,0,151,2014-2024,,,,30.298339697007766,30.915218485502155,79.63842438170936
proton_pump_inhibitors,outcome years 2018-2024 (t-1),exposure_lag1,0.9394003920447326,0.8847391976459302,0.9974386790161864,0.8933045384919017,0.9878748607542168,0.030586163916238467,0.0409685070555163,1057,0,151,2018-2024,,,,0.0,51.619644054892774,24.70461166422198
proton_pump_inhibitors,EPD exposure only (t-1),exposure_lag1,0.9831112078063958,0.9385670294151642,1.0297694428034578,0.9455873515247911,1.0221241277773274,0.023657127268692884,0.4715275313786461,1509,0,151,2015-2024,,,,22.124127777327395,35.238465898047764,62.964417819868665
proton_pump_inhibitors,ADQ measure (t-1),exposure_lag1,0.9839764034214951,0.9147482396073405,1.058443755962743,0.9255364123601059,1.046106397933474,0.03722093727385714,0.6642986699836112,1509,0,151,2015-2024,,,,46.10639793347389,42.68144926240569,
statins,primary (t-1),exposure_lag1,0.9854472313298618,0.9430259576802064,1.0297767922789314,0.9497184024439962,1.0225201946562843,0.022449883228898435,0.5137584280060551,1660,0,151,2014-2024,,,0.8290563760883048,22.52019465628428,33.45825328830823,69.25392174708726
statins,FE only (t-1),exposure_lag1,0.9652902515922621,0.9186607024333934,1.014286631996878,0.9259999070633642,1.0062476925878272,0.025261216220999097,0.16197921065138254,1661,0,151,2014-2024,,,,6.247692587827198,42.528766328638554,70.64499477496938
statins,"distributed lag (t, t-1, t-2)",exposure,1.0092852257620932,0.9177156934321963,1.109991552102515,0.9318512320521254,1.093153748048764,0.04852552118613846,0.848945256998666,1660,0,151,2014-2024,0.48080268436171936,0.15412113265520883,,93.153748048764,40.52885357387834,
statins,"distributed lag (t, t-1, t-2)",exposure_lag1,1.0081320325891243,0.9050591163871295,1.1229434373185792,0.9208838984771573,1.1036463953957267,0.05502763327741371,0.8829873829315363,1660,0,151,2014-2024,0.48080268436171936,0.15412113265520883,,,44.17029002429073,
statins,"distributed lag (t, t-1, t-2)",exposure_lag2,0.9682399935444862,0.892300853223751,1.0506419238668423,0.9040909431356122,1.0369406885634567,0.041671749311305684,0.4386277155242807,1660,0,151,2014-2024,0.48080268436171936,0.15412113265520883,,36.94068856345664,48.95590760297413,81.30085804537838
statins,"lag and lead (t-1, t+1)",exposure_lag1,0.9934539839120956,0.9329444644934936,1.0578880691324337,0.9424145891323066,1.0472575759459675,0.03206227973515444,0.8376996238317665,1509,0,151,2014-2023,0.8651269791089498,-0.6683101358712861,,47.25757594596743,36.54234903511552,66.04152815532588
statins,"lag and lead (t-1, t+1)",exposure_lag-1,0.98246285365492,0.9091361322870644,1.0617037696913265,0.9205405755504097,1.0485504761532498,0.03957535285078896,0.6548283330044564,1509,0,151,2014-2023,0.8651269791089498,-0.6683101358712861,,48.55047615324977,44.27709756302613,86.17420011745806
statins,"lag, same year and lead (t-1, t, t+1)",exposure_lag1,0.9544327266765886,0.8830947860375119,1.031533470873208,0.8941893633281929,1.0187348084311378,0.03963501031227684,0.2393192789058174,1509,0,151,2014-2023,0.8703374043067877,-0.1721954254664129,,18.73480843113782,51.411646347771836,67.65514567596014
statins,"lag, same year and lead (t-1, t, t+1)",exposure,1.0827434921534678,0.9895315364512928,1.1847358336905232,1.0039519236611127,1.1677187345042745,0.04592945610445952,0.08347428172555803,1509,0,151,2014-2023,0.8703374043067877,-0.1721954254664129,,,0.0,98.21393262468328
statins,"lag, same year and lead (t-1, t, t+1)",exposure_lag-1,0.9442671588977757,0.8630391119984869,1.033140277163291,0.8756059141149518,1.018312522790727,0.04589240938030272,0.21145374031824182,1509,0,151,2014-2023,0.8703374043067877,-0.1721954254664129,,18.31252279072702,55.435545635891806,88.89425947396205
statins,prior 3 years (t-3..t-1),exposure_prior3,0.9849059761379253,0.9395386850770971,1.0324639072765793,0.9466863436508861,1.0246686120888264,0.024059789118863067,0.5272969482998564,1660,0,151,2014-2024,,,,24.668612088826404,34.77423839381416,70.77129455443824
statins,+ area trends (t-1),exposure_lag1,0.981847258835597,0.9253056793704443,1.0418438589276515,0.9341680712637174,1.0319599538216608,0.030261024617695975,0.5449242418669382,1660,0,151,2014-2024,,,,31.959953821660807,39.69798170831931,64.93945993209576
statins,population covariate (t-1),exposure_lag1,0.9844015464943034,0.9419039550107499,1.0288165789996249,0.9486080743142348,1.0215456003164602,0.022515601391164188,0.4850244504848158,1660,0,151,2014-2024,,,,21.545600316460227,33.946279138054045,71.47726494924449
statins,+ LTBI programme (t-1),exposure_lag1,0.9897111939079807,0.9462911775921368,1.0351235122356275,0.9531386894603633,1.0276870073350377,0.02288921266789733,0.6513892909285444,1660,0,151,2014-2024,,,,27.687007335037684,31.90854716429157,70.68721289615813
statins,+ asylum support (t-1),exposure_lag1,1.0011690970131424,0.9560050243561731,1.0484668336227023,0.9631236692395801,1.0407173998802182,0.023551288006762025,0.9604320016507694,1394,0,150,2015-2024,,,,40.717399880218125,26.941349578522782,79.6318673610678
statins,exclude COVID years (t-1),exposure_lag1,0.9755584688714598,0.9338686209009572,1.0191094388294715,0.9404465863040411,1.0119812651211466,0.022282821487365552,0.2667814997970639,1207,0,151,2014-2024,,,,11.981265121146603,37.325063949708024,60.44416115482626
statins,outcome years 2018-2024 (t-1),exposure_lag1,0.9928897761558244,0.9307719154852939,1.0591532589171027,0.9404864759502868,1.0482129544698238,0.03296193801488382,0.8286131023427271,1057,0,151,2018-2024,,,,48.21295446982372,37.30939078943894,87.29221799545887
statins,EPD exposure only (t-1),exposure_lag1,0.9946581042325082,0.9507952270227904,1.0405445002214897,0.9577118844822975,1.0330296202288534,0.023010382019857,0.815937036870251,1509,0,151,2015-2024,,,,33.02962022885333,29.72006155527535,74.30565331147491
statins,ADQ measure (t-1),exposure_lag1,0.9829913330282571,0.9427379620274448,1.0249634572162696,0.9490942820523205,1.018099022490373,0.021332620505455667,0.42130090529850506,1509,0,151,2015-2024,,,,18.09902249037297,33.73345863894235,81.09211171766988
metformin,primary (t-1),exposure_lag1,0.9575800729423656,0.9240229220909016,0.992355897428808,0.9293356292075095,0.9866829240994914,0.018200237683895417,0.017236971459168072,1661,0,151,2014-2024,,,0.22408062896918493,0.0,41.40546176355155,31.778728310498856
metformin,FE only (t-1),exposure_lag1,0.9385342537198336,0.903446701177528,0.9749845168036734,0.9089959971421018,0.9690323699717498,0.01943991680628519,0.001101699719037604,1661,0,151,2014-2024,,,,0.0,47.6450762791619,31.04798582643828
metformin,"distributed lag (t, t-1, t-2)",exposure,1.0105601198787155,0.9320272154361104,1.0957102313921523,0.9442240527969916,1.0815565996906975,0.04127449738892182,0.7991019736405481,1661,0,151,2014-2024,0.541843798051452,-0.03821457440178558,,81.55659969069744,35.805237075734624,90.73434592806487
metformin,"distributed lag (t, t-1, t-2)",exposure_lag1,0.9682945539100347,0.8854595283302241,1.058878822954137,0.8982777891638731,1.0437688145496242,0.04562733720343026,0.4801057276482117,1661,0,151,2014-2024,0.541843798051452,-0.03821457440178558,,43.76881454962418,50.426876849353455,40.35031206625624
metformin,"distributed lag (t, t-1, t-2)",exposure_lag2,0.9788076549786552,0.9217632342295321,1.0393823379662401,0.9307016522689145,1.0294001553657857,0.0306361008085245,0.4844400026439608,1661,0,151,2014-2024,0.541843798051452,-0.03821457440178558,,29.400155365785636,40.93267811518122,73.43774195138357
metformin,"lag and lead (t-1, t+1)",exposure_lag1,0.9599635996465877,0.9016213600618764,1.022081056934134,0.9107528398510762,1.011833367214227,0.031990159683178435,0.20150869514162872,1510,0,151,2014-2023,0.5821617016333615,-0.7691369876290844,,11.833367214226996,47.159048557818615,29.981939303971277
metformin,"lag and lead (t-1, t+1)",exposure_lag-1,0.9935348355315184,0.9287063578679106,1.0628886741777186,0.9388324656687559,1.0514245145021641,0.03442679595702608,0.8505597799765134,1510,0,151,2014-2023,0.5821617016333615,-0.7691369876290844,,51.42451450216407,37.95276423695096,89.15136371209145
metformin,"lag, same year and lead (t-1, t, t+1)",exposure_lag1,0.9377021352241939,0.8703905879655087,1.0102192125713292,0.8808732237616279,0.9981973236161789,0.03800524639041539,0.09055542238150395,1510,0,151,2014-2023,0.5922719933353919,-0.23001318511291388,,0.0,54.36431744369875,46.13143689477047
metformin,"lag, same year and lead (t-1, t, t+1)",exposure,1.048664441854549,0.9640646782310657,1.140688105727424,0.9771857468589965,1.1253716247345082,0.042915452767637946,0.268193315282538,1510,0,151,2014-2023,0.5922719933353919,-0.23001318511291388,,,18.57622593267766,58.38740198733156
metformin,"lag, same year and lead (t-1, t, t+1)",exposure_lag-1,0.9698008698485505,0.8930393503259278,1.0531604534735797,0.904953140517101,1.0392955005621445,0.04207148795236094,0.4660830493145893,1510,0,151,2014-2023,0.5922719933353919,-0.23001318511291388,,39.29550056214445,48.7302690927112,
metformin,prior 3 years (t-3..t-1),exposure_prior3,0.9608370425742794,0.9230398419097067,1.00018198615656,0.9290125549517836,0.9937517178449786,0.02047572687346832,0.051043615646294414,1661,0,151,2014-2024,,,,0.0,41.51617390867427,38.46336349992715
metformin,+ area trends (t-1),exposure_lag1,0.9461612688163799,0.9041403372457675,0.9901351700945943,0.9107656214134547,0.9829325191467935,0.02317777566271546,0.01695283160657972,1661,0,151,2014-2024,,,,0.0,47.155479492186664,14.345200328168984
metformin,population covariate (t-1),exposure_lag1,0.9585158422975858,0.9247262734943585,0.9935400845308148,0.9300752887058885,0.9878260728911608,0.018310366017912624,0.020670713749991045,1661,0,151,2014-2024,,,,0.0,41.150407590267065,36.1095760180323
metformin,+ LTBI programme (t-1),exposure_lag1,0.9609142229868797,0.9259506737177958,0.997197982729577,0.9314827847039412,0.9912755867323458,0.018910296838945132,0.03499794824531674,1661,0,151,2014-2024,,,,0.0,40.65888175026188,32.75227534763256
metformin,+ asylum support (t-1),exposure_lag1,0.9653031906532724,0.9277025427653705,1.0044278278118899,0.9336452050241183,0.9980346333608783,0.02027096612629955,0.08149966755374297,1394,0,150,2015-2024,,,,0.0,39.88751570731812,35.35310837547276
metformin,exclude COVID years (t-1),exposure_lag1,0.9560821762854365,0.9241925112653365,0.9890722080826939,0.9292449568960061,0.9836944726222439,0.01730789405547395,0.00946318542476156,1208,0,151,2014-2024,,,,0.0,41.436575938142205,30.80273894957572
metformin,outcome years 2018-2024 (t-1),exposure_lag1,0.9703667302264236,0.9167227150257939,1.027149841164159,0.9251396592675882,1.017804805682823,0.029014810539097335,0.29985074905332476,1057,0,151,2018-2024,,,,17.80480568282304,42.811503408294435,55.75039875084114
metformin,EPD exposure only (t-1),exposure_lag1,0.9611578710358327,0.9247850844346297,0.9989612382415504,0.9305364922623105,0.9927869145767105,0.019682297951912526,0.044135265871803595,1510,0,151,2015-2024,,,,0.0,40.99024543101703,32.454998364069816
metformin,ADQ measure (t-1),exposure_lag1,0.9716807483401739,0.9140179891430261,1.0329812847339672,0.9230489611947019,1.0228747513814327,0.03121278023653492,0.3573682246109475,1510,0,151,2015-2024,,,,22.874751381432667,43.48719246003887,86.16333044764916
insulins,primary (t-1),exposure_lag1,0.9707220778980004,0.9289967155021043,1.0143215113621973,0.9355795582597551,1.0071846313865167,0.022415817080569972,0.18496236367159824,1661,0,151,2014-2024,,,0.8086834464244584,7.184631386516697,39.18031180211624,53.217454932941344
insulins,FE only (t-1),exposure_lag1,0.9693390385684363,0.9222508469024173,1.0188314544233763,0.9296613435776746,1.0107101668622558,0.02540672496030729,0.22031424990520077,1661,0,151,2014-2024,,,,10.710166862255779,41.29341976722697,75.39305609369102
insulins,"distributed lag (t, t-1, t-2)",exposure,0.9411208733108979,0.8668571038325911,1.0217468303201638,0.8783845209728113,1.0083380080520368,0.041937467815832546,0.1478957232028297,1661,0,151,2014-2024,0.41633158509524615,0.14405926798096866,,8.338008052036763,54.876798119443805,16.89444454555054
insulins,"distributed lag (t, t-1, t-2)",exposure_lag1,1.03865432622433,0.9382381509923172,1.1498176750151687,0.9536958683368834,1.131181171274028,0.051876238833151296,0.464727022017275,1661,0,151,2014-2024,0.41633158509524615,0.14405926798096866,,,31.64923036468827,
insulins,"distributed lag (t, t-1, t-2)",exposure_lag2,0.9818543238297357,0.9121161106562918,1.0569245537495182,0.9229804252205014,1.0444835956221252,0.03758961972337954,0.6261417655345862,1661,0,151,2014-2024,0.41633158509524615,0.14405926798096866,,44.483595622125186,43.50907230199637,89.16644955379353
insulins,"lag and lead (t-1, t+1)",exposure_lag1,1.0527134964075806,0.991744840291277,1.1174302708680506,1.0012997219723354,1.1067672158499724,0.030439048560441172,0.09147431692729983,1510,0,151,2014-2023,0.009937015807886695,-0.5869249293781905,,,0.0,
insulins,"lag and lead (t-1, t+1)",exposure_lag-1,0.9032841229007748,0.8414782165167328,0.9696296239991821,0.8511182529132961,0.9586472900702088,0.03616174511460612,0.004910215730953826,1510,0,151,2014-2023,0.009937015807886695,-0.5869249293781905,,0.0,59.82027562464729,0.0
insulins,"lag, same year and lead (t-1, t, t+1)",exposure_lag1,1.0194834977093439,0.9409303440985565,1.1045946266058702,0.9531340482349095,1.0904516568539584,0.04090933146003481,0.637155026537605,1510,0,151,2014-2023,0.010235194218825204,-0.11078995575941274,,90.45165685395831,31.910698975383827,
insulins,"lag, same year and lead (t-1, t, t+1)",exposure,1.0666018224408464,0.9767834534121559,1.1646792783600786,0.990691021514223,1.1483292196342998,0.044881644767016594,0.15082688867238606,1510,0,151,2014-2023,0.010235194218825204,-0.11078995575941274,,,8.516206641697142,79.978517924345
insulins,"lag, same year and lead (t-1, t, t+1)",exposure_lag-1,0.875113135582911,0.810927436642995,0.9443791953075852,0.8209161088403586,0.9328882596195734,0.038864591645793256,0.000598078365282368,1510,0,151,2014-2023,0.010235194218825204,-0.11078995575941274,,0.0,64.16848009948446,0.0
insulins,prior 3 years (t-3..t-1),exposure_prior3,0.9740464279705678,0.9275821230997924,1.0228382158462006,0.9348972848509406,1.0148349548298166,0.024937569816225906,0.2916606337726224,1661,0,151,2014-2024,,,,14.834954829816546,39.43164416786411,60.49519378467867
insulins,+ area trends (t-1),exposure_lag1,1.061236367632304,0.9787753166278638,1.1506446973607154,0.9915822849012673,1.1357833284582586,0.04126927485201958,0.14982039543551193,1661,0,151,2014-2024,,,,,7.764150988670919,
insulins,population covariate (t-1),exposure_lag1,0.9769413602169381,0.9308345260130706,1.025331994710647,0.9380950465552138,1.017396291353668,0.024665870619937316,0.3442574606081037,1661,0,151,2014-2024,,,,17.39629135366803,38.235367187760176,67.12514379331685
insulins,+ LTBI programme (t-1),exposure_lag1,0.9726541920651638,0.9300261762177725,1.0172360752138772,0.9367489200832256,1.0099357010818693,0.022865246405457996,0.22527833876666858,1661,0,151,2014-2024,,,,9.935701081869244,38.74466248494027,52.193161223015935
insulins,+ asylum support (t-1),exposure_lag1,0.978356267612953,0.9272134438341678,1.0323200043556962,0.9352487684838834,1.0234506781861032,0.027392905205599245,0.42440764408635767,1394,0,150,2015-2024,,,,23.450678186103225,39.3024264038854,61.71950903212403
insulins,exclude COVID years (t-1),exposure_lag1,0.9638004923580227,0.9204433138086732,1.0091999964950085,0.9272775415446121,1.0017619832808993,0.02348413175354017,0.11640642283503914,1208,0,151,2014-2024,,,,1.761983280899269,42.10364946500064,49.73548686193947
insulins,outcome years 2018-2024 (t-1),exposure_lag1,0.9828440567499817,0.9082071921419578,1.063614611562967,0.9198084292692398,1.050199594991976,0.040294862082061324,0.6675924684850018,1057,0,151,2018-2024,,,,50.19959499197597,44.50350835255292,89.35292404805986
insulins,EPD exposure only (t-1),exposure_lag1,0.9757611105832478,0.9280291568659886,1.0259480942840051,0.9355398278699956,1.0177116105194401,0.025589102743687173,0.33760724146449617,1510,0,151,2015-2024,,,,17.711610519440132,39.19500465988152,58.37559273426035
fluoroquinolones,primary (t-1),exposure_lag1,1.0043087556633905,0.9907446021390063,1.0180586142225898,0.9929121350698629,1.0158361863823715,0.006937752417448506,0.5354387645702829,1660,0,151,2014-2024,,,0.8290563760883048,15.836186382371483,6.618737739109065,62.264424525202365
fluoroquinolones,FE only (t-1),exposure_lag1,1.0095264655740268,0.9941003593414448,1.0251919487983407,0.9965635626996597,1.0226579847386332,0.007856371037848555,0.22749415446697685,1661,0,151,2014-2024,,,,22.65798473863321,3.322269588967136,88.10550403474285
fluoroquinolones,"distributed lag (t, t-1, t-2)",exposure,1.0016869486013025,0.9831256399657506,1.0205986927908248,0.9860853430965182,1.0175353989618903,0.009542796694383324,0.8598004173565976,1660,0,151,2014-2024,0.7454856205891562,-0.14681788275856533,,17.535398961890255,12.214983814832085,26.169881597270827
fluoroquinolones,"distributed lag (t, t-1, t-2)",exposure_lag1,0.9976428883286519,0.9781080325576663,1.0175678958796974,0.9812215677948202,1.0143390293280397,0.01008941748868957,0.8150642074430181,1660,0,151,2014-2024,0.7454856205891562,-0.14681788275856533,,14.339029328039643,15.809631308099469,11.016913891748183
fluoroquinolones,"distributed lag (t, t-1, t-2)",exposure_lag2,1.006142766946108,0.989535245531344,1.0230290149335608,0.9921857045783982,1.0202961631140703,0.008491771479229587,0.4708073739882017,1660,0,151,2014-2024,0.7454856205891562,-0.14681788275856533,,20.296163114070325,7.2479214291986604,63.94428225596366
fluoroquinolones,"lag and lead (t-1, t+1)",exposure_lag1,1.009798918672406,0.9940286594215264,1.0258193730001404,0.996546453866848,1.0232276199421457,0.008030847415237283,0.22466348463197738,1509,0,151,2014-2023,0.21129738976951506,-0.3557537410493516,,23.227619942145708,3.3382578579829487,41.58056305160703
fluoroquinolones,"lag and lead (t-1, t+1)",exposure_lag-1,0.9923011745641445,0.9750614509065147,1.0098457078022525,0.9778117837075886,1.0070052718201241,0.008941922967052705,0.38741633187553703,1509,0,151,2014-2023,0.21129738976951506,-0.3557537410493516,,7.005271820124108,18.159047546215316,43.13828519345982
fluoroquinolones,"lag, same year and lead (t-1, t, t+1)",exposure_lag1,0.9999657450711207,0.9811626125412894,1.0191292233666946,0.9841605236135502,1.0160247920168397,0.00968511000945085,0.9971779473851217,1509,0,151,2014-2023,0.19734903563038386,0.02433342545162457,,16.02479201683969,13.673642941554748,64.81499243328498
fluoroquinolones,"lag, same year and lead (t-1, t, t+1)",exposure,1.0200723084281345,0.9972537125569453,1.0434130265145396,1.0008862597172425,1.0396261356568777,0.01154264326953925,0.08511529681151594,1509,0,151,2014-2023,0.19734903563038386,0.02433342545162457,,39.62613565687763,0.0,0.0
fluoroquinolones,"lag, same year and lead (t-1, t, t+1)",exposure_lag-1,0.9823819870112399,0.9632860688883766,1.0018564573635316,0.9663298311753339,0.998700792699678,0.010015200883011343,0.07592961466044848,1509,0,151,2014-2023,0.19734903563038386,0.02433342545162457,,0.0,25.18899251846605,67.92319230494452
fluoroquinolones,prior 3 years (t-3..t-1),exposure_prior3,1.0067641601215227,0.9926520077887285,1.0210769395037775,0.994906618219677,1.01876302312565,0.0072022997540357675,0.3492708098976851,1660,0,151,2014-2024,,,,18.76302312564991,4.84652952834817,64.59999676644806
fluoroquinolones,+ area trends (t-1),exposure_lag1,1.0064303400056922,0.9916417241541325,1.0214395024049394,0.9940037263298688,1.019012305943643,0.007552630446133256,0.39606032371887034,1660,0,151,2014-2024,,,,19.01230594364288,5.65706082158331,51.57802949330343
fluoroquinolones,population covariate (t-1),exposure_lag1,1.0057329686979626,0.9923502058215682,1.0192962105435306,0.9944889347131018,1.017104131598832,0.006834592708214716,0.4029180282288426,1660,0,151,2014-2024,,,,17.104131598832048,5.223210733312998,66.81870369417403
fluoroquinolones,+ LTBI programme (t-1),exposure_lag1,1.0043081882444205,0.9908789924682182,1.0179193873737733,0.9930250823174667,1.0157194968538905,0.006868261820198012,0.5313719872270113,1660,0,151,2014-2024,,,,15.719496853890499,6.520143070577168,58.21896103454088
fluoroquinolones,+ asylum support (t-1),exposure_lag1,1.002438750096768,0.9887494091294486,1.0163176214490255,0.9909368068094035,1.0140741980622074,0.00701537687024415,0.7284365389194675,1394,0,150,2015-2024,,,,14.074198062207433,8.310038359832182,51.99242390161625
fluoroquinolones,exclude COVID years (t-1),exposure_lag1,0.9993616154148436,0.9854707097617941,1.0134483231936697,0.9876900843285339,1.011171068952801,0.007141472238381852,0.9287483529098736,1207,0,151,2014-2024,,,,11.171068952801056,10.960666827918923,59.59516540191662
fluoroquinolones,outcome years 2018-2024 (t-1),exposure_lag1,0.9912964416267859,0.9693874879736744,1.013700555632315,0.9728756303462632,1.0100660398207106,0.011402656674276625,0.44329961062397927,1057,0,151,2018-2024,,,,10.06603982071063,21.336876420798394,47.72311778385525
fluoroquinolones,EPD exposure only (t-1),exposure_lag1,1.0017575839372954,0.9877883039638697,1.015924417153853,0.99002015768465,1.0136341661192083,0.007164751341770955,0.8063832564341672,1509,0,151,2015-2024,,,,13.634166119208302,9.074246794002796,54.13522877522697
fluoroquinolones,ADQ measure (t-1),exposure_lag1,1.000063119257381,0.9868276142395658,1.0134761411895479,0.9889428742909873,1.0113084066820677,0.006797463449244736,0.992591417616976,1509,0,151,2015-2024,,,,11.308406682067664,9.956250567824123,73.88133848059645
all_antibacterials,primary (t-1),exposure_lag1,1.0034653017015882,0.957358271212539,1.051792878379501,0.9646228464448945,1.0438718255846147,0.023998418307754774,0.885384017335018,1660,0,151,2014-2024,,,0.9538171040149035,43.871825584614626,26.132292359585733,91.5814173067108
all_antibacterials,FE only (t-1),exposure_lag1,1.0123037531256531,0.9583154182994099,1.069333612946332,0.9667938000926238,1.05995599940143,0.0279627477963198,0.6618790783334673,1661,0,151,2014-2024,,,,59.955999401429985,24.92841919555231,
all_antibacterials,"distributed lag (t, t-1, t-2)",exposure,1.0185629179461009,0.9838654577152074,1.0544840350673077,0.9893610495217634,1.0486267054038232,0.017683087309105058,0.2982789747584107,1660,0,151,2014-2024,0.6776583618322194,-0.19750481286182056,,48.626705403823145,9.615917750710533,57.525019003569156
all_antibacterials,"distributed lag (t, t-1, t-2)",exposure_lag1,0.9627327123809953,0.9161629032042624,1.0116697284367364,0.923492488867984,1.0036402966575344,0.025296747575021136,0.1332631073750089,1660,0,151,2014-2024,0.6776583618322194,-0.19750481286182056,,3.6402966575343996,43.34518720554243,0.3532212068158011
all_antibacterials,"distributed lag (t, t-1, t-2)",exposure_lag2,1.0330461336126708,0.9822613921487533,1.0864565406948972,0.9902515588955048,1.0776901127652776,0.02571922019164721,0.20619158681080052,1660,0,151,2014-2024,0.6776583618322194,-0.19750481286182056,,77.69011276527752,8.882532641364273,
all_antibacterials,"lag and lead (t-1, t+1)",exposure_lag1,1.0122789452567698,0.9641116156480646,1.0628527303048423,0.9716952974579212,1.0545576022554877,0.024873662090026012,0.6236766272114405,1509,0,151,2014-2023,0.47761452087516054,-0.132080501580897,,54.55760225548762,22.060534011055445,73.47249010902239
all_antibacterials,"lag and lead (t-1, t+1)",exposure_lag-1,0.9894525391223249,0.9564721435807804,1.023570141322084,0.9616974508362172,1.0180086536824442,0.01729598684340759,0.5398365948798964,1509,0,151,2014-2023,0.47761452087516054,-0.132080501580897,,18.008653682444184,27.69475284105108,54.53648658166439
all_antibacterials,"lag, same year and lead (t-1, t, t+1)",exposure_lag1,0.9836201376881417,0.9342134859998855,1.0356397009513492,0.9419831268568603,1.0270975643629097,0.026293265173760152,0.5299211051018713,1509,0,151,2014-2023,0.4836317907870832,0.17696850539118442,,27.097564362909637,36.71561902796613,76.41948682607584
all_antibacterials,"lag, same year and lead (t-1, t, t+1)",exposure,1.0581305672116537,1.0004868356916463,1.1190954816448313,1.0095346198819048,1.1090657766631433,0.02858011125459117,0.048038247422200205,1509,0,151,2014-2023,0.4836317907870832,0.17696850539118442,,,0.0,43.052108473490236
all_antibacterials,"lag, same year and lead (t-1, t, t+1)",exposure_lag-1,0.9616876934506343,0.9178537649337587,1.007614998235745,0.92476131929211,1.000088563871112,0.023801874745680216,0.10073945374155131,1509,0,151,2014-2023,0.4836317907870832,0.17696850539118442,,0.08856387111189072,42.93497326272805,69.40715329748598
all_antibacterials,prior 3 years (t-3..t-1),exposure_prior3,1.0176310332968954,0.9668620504986594,1.0710658458409967,0.9748471414267721,1.0622926158589925,0.026110643158216488,0.5032661154023026,1660,0,151,2014-2024,,,,62.29261585899243,20.09771000037587,
all_antibacterials,+ area trends (t-1),exposure_lag1,0.992545584991327,0.9493316747272317,1.0377266075829972,0.9561476871914185,1.0303290500859115,0.02271158379280486,0.741815356525034,1660,0,151,2014-2024,,,,30.32905008591144,30.484259830381717,63.2564355694562
all_antibacterials,population covariate (t-1),exposure_lag1,1.0069100336286492,0.9615161370245261,1.054447010072579,0.9686710980302373,1.0466584766322815,0.02353581616230951,0.7698380167226861,1660,0,151,2014-2024,,,,46.65847663228147,23.855298795520167,97.8176221702526
all_antibacterials,+ LTBI programme (t-1),exposure_lag1,1.0012770005866125,0.9543659831899312,1.0504938876307386,0.9617542690020033,1.0424238958087066,0.024481753488681115,0.9584266677246622,1660,0,151,2014-2024,,,,42.42389580870661,27.66503581839418,86.04071832535568
all_antibacterials,+ asylum support (t-1),exposure_lag1,0.9956820612937046,0.9518757071901818,1.0415044314015731,0.9587837639899309,1.0340003704865532,0.022955879827736503,0.8504811446504589,1394,0,150,2015-2024,,,,34.00037048655321,29.186612796513163,72.66367504657761
all_antibacterials,exclude COVID years (t-1),exposure_lag1,1.0206578368764063,0.96912089962447,1.07493545994199,0.9772245905815253,1.0660214959974619,0.0264353392790602,0.43923497464717987,1207,0,151,2014-2024,,,,66.02149599746183,18.5504650535073,
all_antibacterials,outcome years 2018-2024 (t-1),exposure_lag1,0.9606660518147455,0.9138773250532906,1.0098502696251008,0.9212402775613381,1.001779107566087,0.025474746471783393,0.11520475763169084,1057,0,151,2018-2024,,,,1.7791075660868998,44.058986758433136,39.127233795696235
all_antibacterials,EPD exposure only (t-1),exposure_lag1,0.9973317773999106,0.9530466249323943,1.0436747250243115,0.9600289263396302,1.0360840667625668,0.02317329770191666,0.9082105046906791,1509,0,151,2015-2024,,,,36.08406676256678,28.55666718493339,77.48214420258718
all_antibacterials,ADQ measure (t-1),exposure_lag1,0.9935872263087443,0.9510747622207346,1.0379999717149275,0.9577823670785561,1.0307305816196277,0.02231080681078062,0.7730753135609731,1509,0,151,2015-2024,,,,30.73058161962769,29.685231046394517,94.5052263869374
vitamin_d,primary (t-1),exposure_lag1,1.0088214290484727,0.98692965834553,1.0311987962885727,0.9904156672297209,1.0275692412601432,0.011193498872164202,0.4326709262252869,1660,0,151,2014-2024,,,0.8290563760883048,27.56924126014313,8.74607941481079,74.53373226865317
vitamin_d,FE only (t-1),exposure_lag1,1.014981645319109,0.9904448702536746,1.0401262819109074,0.9943478966883149,1.0360435656028795,0.012485511120108614,0.23364461901463807,1661,0,151,2014-2024,,,,36.04356560287943,5.349730989274078,
vitamin_d,"distributed lag (t, t-1, t-2)",exposure,1.0020675804529373,0.9632191779160527,1.0424828105761799,0.9693595406430944,1.0358792519116653,0.020173336708571642,0.9184511337779134,1660,0,151,2014-2024,0.8836597377708985,0.2928353669185935,,35.879251911665264,23.454035225945457,44.669394664543965
vitamin_d,"distributed lag (t, t-1, t-2)",exposure_lag1,1.008327778447387,0.9570372492517988,1.0623671226835814,0.9651008515784475,1.0534908420459508,0.026635846515430946,0.7555281960712686,1660,0,151,2014-2024,0.8836597377708985,0.2928353669185935,,53.49084204595073,25.870547612720685,50.04049843581576
vitamin_d,"distributed lag (t, t-1, t-2)",exposure_lag2,0.9987451939238816,0.9643765586900158,1.034338665117513,0.9698192436957397,1.0285338931663786,0.017866247750986577,0.9439728450511896,1660,0,151,2014-2024,0.8836597377708985,0.2928353669185935,,28.533893166378533,23.18373096075844,72.53442118304825
vitamin_d,"lag and lead (t-1, t+1)",exposure_lag1,1.0067825132605226,0.9777300469734466,1.036698250345069,0.982342010892668,1.0318310911757622,0.014939432721596957,0.6509318570303293,1509,0,151,2014-2023,0.7684250106061653,-0.6076413987734589,,31.83109117576219,15.007896396413573,50.33834894113882
vitamin_d,"lag and lead (t-1, t+1)",exposure_lag-1,0.9990049198972559,0.9711317354766656,1.0276781136073818,0.9755583302030255,1.023015025427772,0.014437537992668736,0.9450235042883648,1509,0,151,2014-2023,0.7684250106061653,-0.6076413987734589,,23.015025427771874,19.641065438008702,59.722495218960724
vitamin_d,"lag, same year and lead (t-1, t, t+1)",exposure_lag1,1.000937126180599,0.9640432747814394,1.0392429020303202,0.9698795951817594,1.0329891829293727,0.019161113203590333,0.9610110953487241,1509,0,151,2014-2023,0.756442317940404,0.12228126364229308,,32.98918292937267,23.148102605670847,82.59402491664251
vitamin_d,"lag, same year and lead (t-1, t, t+1)",exposure,1.0116914859788588,0.9615976539830828,1.0643949250110358,0.9694778710328027,1.055743192685499,0.025909603847357066,0.6537029589498513,1509,0,151,2014-2023,0.756442317940404,0.12228126364229308,,55.74319268549894,23.384639224562505,0.0
vitamin_d,"lag, same year and lead (t-1, t, t+1)",exposure_lag-1,0.992773698714767,0.9533768503872943,1.033798561879717,0.9596013918256455,1.027092733770104,0.02065942864707164,0.7255492021660546,1509,0,151,2014-2023,0.756442317940404,0.12228126364229308,,27.092733770103884,28.774222693280056,98.28304839527692
vitamin_d,prior 3 years (t-3..t-1),exposure_prior3,1.0085788225978807,0.986115540111908,1.031553808874656,0.9896916741938779,1.0278264109087116,0.01149182868081688,0.4572812494208357,1660,0,151,2014-2024,,,,27.82641090871161,9.345011567159466,74.0711715004278
vitamin_d,+ area trends (t-1),exposure_lag1,0.9895461443183641,0.963544605164362,1.0162493427777615,0.9676768704523251,1.0119096587248473,0.013585518478708355,0.4392055179229011,1660,0,151,2014-2024,,,,11.909658724847274,24.427422218750607,44.24839498058715
vitamin_d,population covariate (t-1),exposure_lag1,1.0109253346810652,0.9895829858529929,1.0327279742174567,0.9929823672886388,1.0291925274469236,0.010886599683584361,0.31822333311138307,1660,0,151,2014-2024,,,,29.19252744692355,6.557454630199673,79.4979627668228
vitamin_d,+ LTBI programme (t-1),exposure_lag1,1.0068796132294289,0.9845959147636067,1.0296676436855323,0.9881436744943287,1.0259707992927731,0.011418376259350573,0.5482126381733103,1660,0,151,2014-2024,,,,25.970799292773105,10.59960217008035,68.89919573489495
vitamin_d,+ asylum support (t-1),exposure_lag1,1.009041007842962,0.9850900730538246,1.0335742724037265,0.9889006321108527,1.029591571132303,0.012256418304160832,0.4627413265604432,1394,0,150,2015-2024,,,,29.591571132302903,9.990486984788294,68.09002202588503
vitamin_d,exclude COVID years (t-1),exposure_lag1,1.0171743751922167,0.9938444498258069,1.0410519571035695,0.9975574896097817,1.0371770252082433,0.011838334905549232,0.15031336338357626,1207,0,151,2014-2024,,,,37.17702520824325,2.3842742440754137,86.84652411459984
vitamin_d,outcome years 2018-2024 (t-1),exposure_lag1,0.995380480782298,0.9613946979043194,1.0305676780641078,0.9667773854139918,1.0248298279113424,0.01772449813273422,0.7939129028561456,1057,0,151,2018-2024,,,,24.829827911342335,24.937668945507532,63.037326438333416
vitamin_d,EPD exposure only (t-1),exposure_lag1,1.0073167810426564,0.9840605206934668,1.0311226556015982,0.9877615947814278,1.0272591106305051,0.011917358320407492,0.540719871837344,1509,0,151,2015-2024,,,,27.259110630505095,10.90393719933853,68.30457554700547
levothyroxine,primary (t-1),exposure_lag1,0.956293144088316,0.9260491139707724,0.987524920259445,0.9308444492068433,0.982437590093107,0.01639654593817165,0.006418056512378954,1660,0,151,2014-2024,,,,0.0,40.88281494097704,27.33936363176157
levothyroxine,FE only (t-1),exposure_lag1,0.9398518626609024,0.9094508243223262,0.971269144107238,0.9142695395611147,0.966150008859747,0.016776195076059756,0.00021757851856052767,1661,0,151,2014-2024,,,,0.0,46.158535458482284,27.981160908049336
levothyroxine,"distributed lag (t, t-1, t-2)",exposure,0.9915857181250138,0.90806972936843,1.0827827473924854,0.9210013410381925,1.0675795925347364,0.04488991177905016,0.8506919262290664,1660,0,151,2014-2024,0.6013396882140893,-0.04469716874990675,,67.57959253473639,44.13365967097172,76.63873432285733
levothyroxine,"distributed lag (t, t-1, t-2)",exposure_lag1,1.003285914795929,0.9001948796346189,1.1181830174778011,0.9160185763905874,1.0988670456817249,0.05531863987012548,0.9527112514859878,1660,0,151,2014-2024,0.6013396882140893,-0.04469716874990675,,98.86704568172479,45.64668647618619,95.26808806564104
levothyroxine,"distributed lag (t, t-1, t-2)",exposure_lag2,0.9589751833156688,0.8803265430483131,1.0446503169504573,0.8925170340166039,1.0303819055157801,0.043659329893800794,0.3373189711665415,1660,0,151,2014-2024,0.6013396882140893,-0.04469716874990675,,30.3819055157801,51.80327236694574,74.4614912277725
levothyroxine,"lag and lead (t-1, t+1)",exposure_lag1,0.9823797181317485,0.9219652338594566,1.046753039218969,0.9314179616739194,1.0361298045640175,0.032382855316680836,0.5830228390625736,1509,0,151,2014-2023,0.7969590667105663,-0.8510336501850313,,36.12980456401746,40.68169954940598,54.71416544967851
levothyroxine,"lag and lead (t-1, t+1)",exposure_lag-1,0.9653612431964046,0.89572037304052,1.0404165830261294,0.9065639896123109,1.0279719253620931,0.038201069369369366,0.35609840254693403,1509,0,151,2014-2023,0.7969590667105663,-0.8510336501850313,,27.971925362093113,48.303317567614414,64.85725691491234
levothyroxine,"lag, same year and lead (t-1, t, t+1)",exposure_lag1,0.9541796455129249,0.88988187906244,1.0231232002054143,0.8999153299451762,1.011716064406456,0.035593483480938055,0.18758730611695273,1509,0,151,2014-2023,0.7705799144340133,-0.14620663280445395,,11.716064406455995,50.02115855622535,60.299356797327285
levothyroxine,"lag, same year and lead (t-1, t, t+1)",exposure,1.0632889456369194,0.957228263795795,1.1811011277816372,0.973531113915779,1.1613222892961177,0.05361238732143801,0.2523583129305115,1509,0,151,2014-2023,0.7705799144340133,-0.14620663280445395,,,20.92916835417864,92.19821579211033
levothyroxine,"lag, same year and lead (t-1, t, t+1)",exposure_lag-1,0.9351803574413803,0.8410943603445605,1.0397909463878903,0.8555506373443114,1.0222215527287664,0.05409977168115862,0.215439598993305,1509,0,151,2014-2023,0.7705799144340133,-0.14620663280445395,,22.22155272876634,59.09173216342075,93.07423385744276
levothyroxine,prior 3 years (t-3..t-1),exposure_prior3,0.956944416888953,0.9258751223705506,0.9890562937584179,0.9307995003978995,0.9838237092128599,0.0168397656579068,0.008963188581406382,1660,0,151,2014-2024,,,,0.0,40.89851966444276,28.088666227127334
levothyroxine,+ area trends (t-1),exposure_lag1,0.9690315671911173,0.9132358622366261,1.0282362060476828,0.9219813768464662,1.0184828043107474,0.030256634490119786,0.2984751893646088,1660,0,151,2014-2024,,,,18.48280431074743,43.82610188274846,51.03160598056884
levothyroxine,population covariate (t-1),exposure_lag1,0.9533992308878813,0.9224595024876336,0.9853766924253556,0.9273633771967892,0.9801660447334201,0.016831765743464955,0.004579597737818189,1660,0,151,2014-2024,,,,0.0,42.07486315693835,28.07513681399907
levothyroxine,+ LTBI programme (t-1),exposure_lag1,0.9598386858055332,0.9274109209062342,0.9934003169475726,0.9325476548038444,0.9879283895284481,0.01753494234869613,0.019406933003215332,1660,0,151,2014-2024,,,,0.0,40.281517178598556,29.265025611403512
levothyroxine,+ asylum support (t-1),exposure_lag1,0.9639557995115798,0.9307923439679545,0.9983008449025232,0.9360441934384919,0.9926996929478502,0.01786185523114336,0.03985887127368698,1394,0,150,2015-2024,,,,0.0,39.00795458410009,29.818684062935723
levothyroxine,exclude COVID years (t-1),exposure_lag1,0.9542994362089716,0.9208263910693789,0.9889892631021975,0.9261257076811805,0.9833302395081185,0.018217336027343514,0.01023574195656657,1207,0,151,2014-2024,,,,0.0,42.48718504249152,30.421063030775713
levothyroxine,outcome years 2018-2024 (t-1),exposure_lag1,0.964058177848746,0.9176714393213554,1.0127896875208067,0.9249730449450428,1.0047948698140334,0.02515929894660044,0.1457038626528106,1057,0,151,2018-2024,,,,4.794869814033427,42.86594315224144,42.25542908228782
levothyroxine,EPD exposure only (t-1),exposure_lag1,0.9615788738005883,0.9282457680669043,0.9961089641864802,0.9335238798090484,0.9904769985409917,0.018000030457157628,0.029511176142616297,1509,0,151,2015-2024,,,,0.0,39.93132475378575,30.052786648884194
levothyroxine,ADQ measure (t-1),exposure_lag1,0.9417319869930308,0.8989623878461244,0.9865364194498937,0.9057027115340895,0.979194523800939,0.023714042549506154,0.011354221195276784,1509,0,151,2015-2024,,,,0.0,48.53247783869867,39.78046548841016
